Id,Predicted
0,0.11
1,0.01
2,0.07
3,0.02
4,0.0
5,0.05
6,0.05
7,0.21
8,0.0
9,0.02
10,0.39
11,0.0
12,0.0
13,0.01
14,0.0
15,0.21
16,0.0
17,0.02
18,0.02
19,0.18
20,0.06
21,0.08
22,0.05
23,0.01
24,0.08
25,0.0
26,0.0
27,0.0
28,0.01
29,0.11
30,0.0
31,0.0
32,0.01
33,0.0
34,0.0
35,0.01
36,0.01
37,0.02
38,0.02
39,0.0
40,0.02
41,0.08
42,0.01
43,0.0
44,0.0
45,0.0
46,0.02
47,0.11
48,0.04
49,0.01
50,0.02
51,0.06
52,0.02
53,0.01
54,0.0
55,0.0
56,0.08
57,0.0
58,0.0
59,0.0
60,0.0
61,0.02
62,0.74
63,0.01
64,0.0
65,0.06
66,0.0
67,0.02
68,0.09
69,0.13
70,0.01
71,0.06
72,0.08
73,0.0
74,0.07
75,0.1
76,0.03
77,0.26
78,0.01
79,0.0
80,0.34
81,0.0
82,0.03
83,0.0
84,0.05
85,0.0
86,0.08
87,0.0
88,0.77
89,0.01
90,0.03
91,0.05
92,0.03
93,0.0
94,0.0
95,0.0
96,0.02
97,0.03
98,0.02
99,0.04
100,0.05
101,0.01
102,0.02
103,0.02
104,0.0
105,0.04
106,0.02
107,0.01
108,0.17
109,0.0
110,0.41
111,0.02
112,0.0
113,0.01
114,0.29
115,0.05
116,0.0
117,0.0
118,0.01
119,0.04
120,0.14
121,0.04
122,0.14
123,0.05
124,0.12
125,0.03
126,0.0
127,0.03
128,0.0
129,0.06
130,0.0
131,0.0
132,0.05
133,0.0
134,0.0
135,0.02
136,0.01
137,0.05
138,0.08
139,0.0
140,0.02
141,0.08
142,0.75
143,0.05
144,0.05
145,0.01
146,0.02
147,0.0
148,0.09
149,0.0
150,0.04
151,0.03
152,0.04
153,0.01
154,0.0
155,0.0
156,0.02
157,0.03
158,0.04
159,0.0
160,0.0
161,0.2
162,0.0
163,0.0
164,0.01
165,0.11
166,0.0
167,0.0
168,0.05
169,0.08
170,0.03
171,0.02
172,0.04
173,0.04
174,0.01
175,0.2
176,0.08
177,0.0
178,0.01
179,0.02
180,0.01
181,0.01
182,0.1
183,0.02
184,0.0
185,0.02
186,0.02
187,0.01
188,0.03
189,0.0
190,0.02
191,0.01
192,0.02
193,0.02
194,0.01
195,0.15
196,0.03
197,0.01
198,0.59
199,0.01
200,0.02
201,0.05
202,0.0
203,0.04
204,0.0
205,0.01
206,0.01
207,0.05
208,0.0
209,0.0
210,0.03
211,0.05
212,0.0
213,0.07
214,0.0
215,0.02
216,0.0
217,0.0
218,0.02
219,0.01
220,0.02
221,0.03
222,0.07
223,0.25
224,0.0
225,0.02
226,0.07
227,0.02
228,0.03
229,0.08
230,0.02
231,0.02
232,0.0
233,0.26
234,0.0
235,0.0
236,0.0
237,0.0
238,0.0
239,0.01
240,0.13
241,0.0
242,0.0
243,0.0
244,0.02
245,0.0
246,0.0
247,0.03
248,0.1
249,0.01
250,0.03
251,0.03
252,0.08
253,0.07
254,0.0
255,0.18
256,0.02
257,0.54
258,0.02
259,0.2
260,0.06
261,0.01
262,0.0
263,0.02
264,0.15
265,0.01
266,0.01
267,0.01
268,0.02
269,0.0
270,0.39
271,0.01
272,0.02
273,0.0
274,0.02
275,0.15
276,0.0
277,0.09
278,0.02
279,0.19
280,0.03
281,0.0
282,0.0
283,0.0
284,0.0
285,0.08
286,0.43
287,0.01
288,0.01
289,0.0
290,0.01
291,0.01
292,0.03
293,0.06
294,0.01
295,0.01
296,0.02
297,0.13
298,0.03
299,0.06
300,0.05
301,0.01
302,0.0
303,0.01
304,0.05
305,0.01
306,0.0
307,0.0
308,0.13
309,0.01
310,0.12
311,0.01
312,0.0
313,0.02
314,0.04
315,0.01
316,0.03
317,0.03
318,0.0
319,0.01
320,0.01
321,0.0
322,0.09
323,0.04
324,0.01
325,0.03
326,0.16
327,0.0
328,0.01
329,0.03
330,0.05
331,0.0
332,0.02
333,0.0
334,0.01
335,0.06
336,0.46
337,0.01
338,0.18
339,0.02
340,0.68
341,0.0
342,0.06
343,0.05
344,0.03
345,0.0
346,0.0
347,0.0
348,0.0
349,0.15
350,0.01
351,0.0
352,0.06
353,0.03
354,0.07
355,0.0
356,0.01
357,0.0
358,0.0
359,0.04
360,0.05
361,0.02
362,0.1
363,0.07
364,0.04
365,0.0
366,0.09
367,0.0
368,0.0
369,0.0
370,0.06
371,0.0
372,0.02
373,0.0
374,0.28
375,0.25
376,0.01
377,0.0
378,0.0
379,0.0
380,0.01
381,0.05
382,0.0
383,0.04
384,0.44
385,0.04
386,0.02
387,0.72
388,0.09
389,0.04
390,0.01
391,0.02
392,0.01
393,0.03
394,0.01
395,0.02
396,0.0
397,0.01
398,0.01
399,0.19
400,0.01
401,0.05
402,0.09
403,0.03
404,0.05
405,0.0
406,0.0
407,0.03
408,0.01
409,0.02
410,0.02
411,0.01
412,0.02
413,0.07
414,0.01
415,0.01
416,0.02
417,0.0
418,0.11
419,0.0
420,0.01
421,0.04
422,0.08
423,0.0
424,0.0
425,0.0
426,0.06
427,0.03
428,0.0
429,0.0
430,0.08
431,0.0
432,0.0
433,0.0
434,0.07
435,0.0
436,0.08
437,0.0
438,0.0
439,0.1
440,0.01
441,0.0
442,0.03
443,0.06
444,0.02
445,0.0
446,0.0
447,0.06
448,0.18
449,0.23
450,0.02
451,0.0
452,0.12
453,0.04
454,0.9
455,0.0
456,0.01
457,0.01
458,0.0
459,0.02
460,0.0
461,0.04
462,0.02
463,0.0
464,0.02
465,0.5
466,0.0
467,0.0
468,0.02
469,0.05
470,0.0
471,0.07
472,0.4
473,0.12
474,0.03
475,0.03
476,0.02
477,0.04
478,0.0
479,0.01
480,0.05
481,0.06
482,0.05
483,0.0
484,0.02
485,0.54
486,0.01
487,0.07
488,0.0
489,0.0
490,0.05
491,0.01
492,0.07
493,0.07
494,0.01
495,0.02
496,0.0
497,0.02
498,0.0
499,0.01
500,0.0
501,0.03
502,0.02
503,0.01
504,0.06
505,0.01
506,0.01
507,0.06
508,0.07
509,0.43
510,0.0
511,0.32
512,0.44
513,0.08
514,0.1
515,0.0
516,0.03
517,0.15
518,0.0
519,0.0
520,0.02
521,0.0
522,0.07
523,0.01
524,0.0
525,0.01
526,0.0
527,0.28
528,0.12
529,0.0
530,0.01
531,0.09
532,0.02
533,0.0
534,0.0
535,0.06
536,0.05
537,0.01
538,0.13
539,0.04
540,0.49
541,0.02
542,0.01
543,0.0
544,0.01
545,0.01
546,0.02
547,0.02
548,0.0
549,0.0
550,0.0
551,0.0
552,0.0
553,0.05
554,0.02
555,0.03
556,0.01
557,0.0
558,0.09
559,0.01
560,0.17
561,0.03
562,0.07
563,0.01
564,0.05
565,0.06
566,0.0
567,0.0
568,0.01
569,0.05
570,0.06
571,0.02
572,0.06
573,0.02
574,0.0
575,0.04
576,0.06
577,0.02
578,0.33
579,0.07
580,0.01
581,0.0
582,0.11
583,0.08
584,0.03
585,0.41
586,0.0
587,0.03
588,0.05
589,0.01
590,0.01
591,0.02
592,0.04
593,0.0
594,0.68
595,0.04
596,0.0
597,0.03
598,0.04
599,0.04
600,0.05
601,0.01
602,0.01
603,0.0
604,0.0
605,0.02
606,0.01
607,0.01
608,0.0
609,0.07
610,0.11
611,0.01
612,0.06
613,0.43
614,0.07
615,0.01
616,0.0
617,0.0
618,0.02
619,0.02
620,0.0
621,0.13
622,0.83
623,0.0
624,0.25
625,0.07
626,0.15
627,0.01
628,0.04
629,0.15
630,0.0
631,0.0
632,0.0
633,0.01
634,0.39
635,0.05
636,0.0
637,0.0
638,0.05
639,0.11
640,0.01
641,0.11
642,0.04
643,0.04
644,0.0
645,0.02
646,0.0
647,0.52
648,0.01
649,0.02
650,0.0
651,0.0
652,0.0
653,0.01
654,0.12
655,0.05
656,0.0
657,0.05
658,0.0
659,0.07
660,0.01
661,0.02
662,0.0
663,0.01
664,0.02
665,0.0
666,0.03
667,0.01
668,0.09
669,0.27
670,0.0
671,0.0
672,0.04
673,0.0
674,0.0
675,0.0
676,0.0
677,0.08
678,0.06
679,0.01
680,0.0
681,0.04
682,0.03
683,0.02
684,0.0
685,0.04
686,0.0
687,0.0
688,0.0
689,0.02
690,0.0
691,0.0
692,0.04
693,0.0
694,0.03
695,0.02
696,0.11
697,0.07
698,0.0
699,0.01
700,0.04
701,0.0
702,0.38
703,0.02
704,0.01
705,0.01
706,0.02
707,0.01
708,0.01
709,0.0
710,0.07
711,0.24
712,0.11
713,0.0
714,0.01
715,0.75
716,0.0
717,0.01
718,0.0
719,0.0
720,0.04
721,0.03
722,0.0
723,0.02
724,0.0
725,0.0
726,0.01
727,0.0
728,0.0
729,0.0
730,0.0
731,0.03
732,0.01
733,0.0
734,0.27
735,0.08
736,0.03
737,0.0
738,0.03
739,0.23
740,0.02
741,0.0
742,0.12
743,0.05
744,0.11
745,0.0
746,0.02
747,0.01
748,0.03
749,0.03
750,0.05
751,0.05
752,0.02
753,0.04
754,0.03
755,0.05
756,0.0
757,0.01
758,0.0
759,0.07
760,0.07
761,0.17
762,0.01
763,0.0
764,0.0
765,0.11
766,0.01
767,0.05
768,0.0
769,0.03
770,0.35
771,0.0
772,0.01
773,0.06
774,0.67
775,0.01
776,0.07
777,0.01
778,0.04
779,0.23
780,0.01
781,0.01
782,0.0
783,0.01
784,0.0
785,0.0
786,0.0
787,0.04
788,0.08
789,0.02
790,0.0
791,0.04
792,0.0
793,0.01
794,0.01
795,0.0
796,0.03
797,0.05
798,0.1
799,0.02
800,0.0
801,0.03
802,0.02
803,0.02
804,0.01
805,0.0
806,0.02
807,0.01
808,0.0
809,0.04
810,0.01
811,0.03
812,0.01
813,0.04
814,0.0
815,0.0
816,0.04
817,0.03
818,0.02
819,0.17
820,0.03
821,0.07
822,0.0
823,0.0
824,0.01
825,0.04
826,0.01
827,0.0
828,0.01
829,0.0
830,0.0
831,0.0
832,0.03
833,0.11
834,0.0
835,0.01
836,0.02
837,0.01
838,0.02
839,0.02
840,0.0
841,0.04
842,0.0
843,0.0
844,0.02
845,0.0
846,0.04
847,0.05
848,0.0
849,0.01
850,0.03
851,0.0
852,0.0
853,0.0
854,0.04
855,0.02
856,0.01
857,0.0
858,0.02
859,0.01
860,0.57
861,0.03
862,0.01
863,0.0
864,0.06
865,0.03
866,0.32
867,0.01
868,0.0
869,0.05
870,0.02
871,0.01
872,0.01
873,0.0
874,0.03
875,0.02
876,0.03
877,0.0
878,0.0
879,0.0
880,0.02
881,0.05
882,0.0
883,0.01
884,0.0
885,0.0
886,0.0
887,0.02
888,0.01
889,0.01
890,0.02
891,0.19
892,0.09
893,0.0
894,0.0
895,0.0
896,0.0
897,0.0
898,0.0
899,0.03
900,0.0
901,0.0
902,0.01
903,0.0
904,0.02
905,0.01
906,0.26
907,0.06
908,0.01
909,0.0
910,0.08
911,0.01
912,0.0
913,0.27
914,0.0
915,0.03
916,0.11
917,0.0
918,0.56
919,0.19
920,0.0
921,0.03
922,0.08
923,0.06
924,0.01
925,0.01
926,0.09
927,0.43
928,0.01
929,0.01
930,0.01
931,0.0
932,0.04
933,0.0
934,0.01
935,0.0
936,0.59
937,0.02
938,0.0
939,0.0
940,0.0
941,0.02
942,0.0
943,0.0
944,0.05
945,0.0
946,0.12
947,0.0
948,0.0
949,0.77
950,0.0
951,0.0
952,0.02
953,0.0
954,0.0
955,0.03
956,0.01
957,0.23
958,0.09
959,0.0
960,0.0
961,0.0
962,0.31
963,0.06
964,0.52
965,0.01
966,0.0
967,0.01
968,0.0
969,0.0
970,0.01
971,0.15
972,0.05
973,0.02
974,0.0
975,0.12
976,0.11
977,0.04
978,0.0
979,0.03
980,0.0
981,0.14
982,0.0
983,0.13
984,0.01
985,0.02
986,0.0
987,0.02
988,0.0
989,0.02
990,0.0
991,0.0
992,0.06
993,0.13
994,0.0
995,0.01
996,0.08
997,0.0
998,0.0
999,0.05
1000,0.01
1001,0.01
1002,0.03
1003,0.0
1004,0.02
1005,0.0
1006,0.01
1007,0.0
1008,0.04
1009,0.0
1010,0.26
1011,0.02
1012,0.0
1013,0.0
1014,0.01
1015,0.02
1016,0.0
1017,0.01
1018,0.02
1019,0.03
1020,0.0
1021,0.01
1022,0.09
1023,0.01
1024,0.02
1025,0.0
1026,0.02
1027,0.03
1028,0.12
1029,0.07
1030,0.01
1031,0.03
1032,0.05
1033,0.0
1034,0.05
1035,0.03
1036,0.1
1037,0.02
1038,0.0
1039,0.0
1040,0.02
1041,0.06
1042,0.01
1043,0.02
1044,0.03
1045,0.0
1046,0.0
1047,0.09
1048,0.03
1049,0.01
1050,0.01
1051,0.15
1052,0.02
1053,0.0
1054,0.0
1055,0.07
1056,0.01
1057,0.04
1058,0.01
1059,0.03
1060,0.55
1061,0.1
1062,0.01
1063,0.01
1064,0.09
1065,0.0
1066,0.0
1067,0.12
1068,0.01
1069,0.08
1070,0.01
1071,0.02
1072,0.0
1073,0.0
1074,0.0
1075,0.01
1076,0.0
1077,0.32
1078,0.0
1079,0.08
1080,0.09
1081,0.02
1082,0.02
1083,0.43
1084,0.09
1085,0.03
1086,0.02
1087,0.08
1088,0.0
1089,0.04
1090,0.0
1091,0.01
1092,0.01
1093,0.15
1094,0.01
1095,0.07
1096,0.03
1097,0.0
1098,0.01
1099,0.0
1100,0.04
1101,0.66
1102,0.05
1103,0.03
1104,0.04
1105,0.01
1106,0.1
1107,0.02
1108,0.07
1109,0.02
1110,0.08
1111,0.0
1112,0.07
1113,0.03
1114,0.02
1115,0.06
1116,0.0
1117,0.0
1118,0.01
1119,0.02
1120,0.03
1121,0.04
1122,0.0
1123,0.0
1124,0.03
1125,0.06
1126,0.03
1127,0.01
1128,0.0
1129,0.01
1130,0.0
1131,0.0
1132,0.1
1133,0.0
1134,0.03
1135,0.0
1136,0.0
1137,0.2
1138,0.09
1139,0.03
1140,0.0
1141,0.06
1142,0.0
1143,0.0
1144,0.0
1145,0.0
1146,0.29
1147,0.02
1148,0.0
1149,0.0
1150,0.05
1151,0.1
1152,0.01
1153,0.3
1154,0.01
1155,0.02
1156,0.01
1157,0.02
1158,0.0
1159,0.0
1160,0.01
1161,0.02
1162,0.45
1163,0.02
1164,0.0
1165,0.02
1166,0.0
1167,0.04
1168,0.01
1169,0.0
1170,0.0
1171,0.01
1172,0.18
1173,0.12
1174,0.0
1175,0.01
1176,0.0
1177,0.03
1178,0.02
1179,0.09
1180,0.28
1181,0.0
1182,0.03
1183,0.12
1184,0.01
1185,0.0
1186,0.0
1187,0.0
1188,0.0
1189,0.01
1190,0.01
1191,0.0
1192,0.18
1193,0.03
1194,0.02
1195,0.06
1196,0.03
1197,0.0
1198,0.01
1199,0.01
1200,0.02
1201,0.0
1202,0.01
1203,0.23
1204,0.21
1205,0.14
1206,0.21
1207,0.0
1208,0.06
1209,0.36
1210,0.07
1211,0.02
1212,0.0
1213,0.0
1214,0.03
1215,0.01
1216,0.08
1217,0.0
1218,0.01
1219,0.03
1220,0.0
1221,0.05
1222,0.0
1223,0.23
1224,0.03
1225,0.01
1226,0.02
1227,0.0
1228,0.03
1229,0.01
1230,0.0
1231,0.05
1232,0.02
1233,0.13
1234,0.0
1235,0.18
1236,0.1
1237,0.0
1238,0.06
1239,0.06
1240,0.05
1241,0.0
1242,0.03
1243,0.3
1244,0.06
1245,0.42
1246,0.01
1247,0.11
1248,0.03
1249,0.73
1250,0.01
1251,0.03
1252,0.03
1253,0.04
1254,0.0
1255,0.0
1256,0.05
1257,0.15
1258,0.0
1259,0.0
1260,0.06
1261,0.02
1262,0.0
1263,0.05
1264,0.0
1265,0.0
1266,0.02
1267,0.03
1268,0.04
1269,0.02
1270,0.0
1271,0.03
1272,0.0
1273,0.13
1274,0.0
1275,0.01
1276,0.03
1277,0.01
1278,0.0
1279,0.01
1280,0.0
1281,0.0
1282,0.0
1283,0.01
1284,0.02
1285,0.15
1286,0.0
1287,0.02
1288,0.15
1289,0.82
1290,0.01
1291,0.04
1292,0.01
1293,0.07
1294,0.01
1295,0.02
1296,0.17
1297,0.03
1298,0.0
1299,0.55
1300,0.0
1301,0.03
1302,0.02
1303,0.01
1304,0.0
1305,0.03
1306,0.1
1307,0.05
1308,0.01
1309,0.03
1310,0.1
1311,0.01
1312,0.02
1313,0.0
1314,0.01
1315,0.01
1316,0.09
1317,0.0
1318,0.1
1319,0.27
1320,0.04
1321,0.03
1322,0.01
1323,0.01
1324,0.02
1325,0.0
1326,0.0
1327,0.0
1328,0.02
1329,0.02
1330,0.13
1331,0.0
1332,0.0
1333,0.1
1334,0.28
1335,0.02
1336,0.03
1337,0.01
1338,0.08
1339,0.0
1340,0.0
1341,0.01
1342,0.01
1343,0.05
1344,0.02
1345,0.03
1346,0.0
1347,0.02
1348,0.01
1349,0.03
1350,0.0
1351,0.02
1352,0.2
1353,0.0
1354,0.03
1355,0.02
1356,0.76
1357,0.0
1358,0.01
1359,0.0
1360,0.0
1361,0.02
1362,0.0
1363,0.0
1364,0.0
1365,0.08
1366,0.0
1367,0.0
1368,0.01
1369,0.0
1370,0.03
1371,0.04
1372,0.05
1373,0.02
1374,0.12
1375,0.0
1376,0.01
1377,0.08
1378,0.0
1379,0.0
1380,0.01
1381,0.04
1382,0.01
1383,0.01
1384,0.0
1385,0.0
1386,0.47
1387,0.09
1388,0.12
1389,0.02
1390,0.0
1391,0.01
1392,0.01
1393,0.09
1394,0.07
1395,0.0
1396,0.0
1397,0.0
1398,0.09
1399,0.0
1400,0.0
1401,0.03
1402,0.01
1403,0.0
1404,0.0
1405,0.02
1406,0.03
1407,0.0
1408,0.01
1409,0.0
1410,0.02
1411,0.08
1412,0.01
1413,0.0
1414,0.0
1415,0.45
1416,0.0
1417,0.04
1418,0.07
1419,0.0
1420,0.02
1421,0.0
1422,0.0
1423,0.0
1424,0.01
1425,0.0
1426,0.01
1427,0.22
1428,0.0
1429,0.0
1430,0.01
1431,0.06
1432,0.01
1433,0.01
1434,0.0
1435,0.01
1436,0.02
1437,0.0
1438,0.0
1439,0.0
1440,0.0
1441,0.02
1442,0.0
1443,0.3
1444,0.08
1445,0.04
1446,0.01
1447,0.0
1448,0.08
1449,0.14
1450,0.0
1451,0.07
1452,0.2
1453,0.02
1454,0.24
1455,0.0
1456,0.0
1457,0.24
1458,0.02
1459,0.02
1460,0.0
1461,0.08
1462,0.4
1463,0.11
1464,0.18
1465,0.01
1466,0.0
1467,0.01
1468,0.02
1469,0.13
1470,0.0
1471,0.0
1472,0.0
1473,0.03
1474,0.02
1475,0.0
1476,0.01
1477,0.04
1478,0.01
1479,0.07
1480,0.01
1481,0.0
1482,0.05
1483,0.02
1484,0.0
1485,0.05
1486,0.0
1487,0.0
1488,0.02
1489,0.4
1490,0.08
1491,0.02
1492,0.0
1493,0.0
1494,0.06
1495,0.0
1496,0.01
1497,0.02
1498,0.24
1499,0.0
1500,0.0
1501,0.12
1502,0.0
1503,0.08
1504,0.0
1505,0.01
1506,0.0
1507,0.03
1508,0.06
1509,0.06
1510,0.01
1511,0.0
1512,0.18
1513,0.03
1514,0.05
1515,0.0
1516,0.0
1517,0.01
1518,0.0
1519,0.1
1520,0.01
1521,0.03
1522,0.0
1523,0.0
1524,0.1
1525,0.0
1526,0.05
1527,0.04
1528,0.07
1529,0.04
1530,0.03
1531,0.0
1532,0.0
1533,0.07
1534,0.04
1535,0.14
1536,0.05
1537,0.04
1538,0.0
1539,0.0
1540,0.03
1541,0.55
1542,0.21
1543,0.0
1544,0.0
1545,0.0
1546,0.03
1547,0.0
1548,0.02
1549,0.0
1550,0.07
1551,0.02
1552,0.01
1553,0.07
1554,0.0
1555,0.01
1556,0.05
1557,0.04
1558,0.17
1559,0.23
1560,0.0
1561,0.0
1562,0.01
1563,0.08
1564,0.0
1565,0.02
1566,0.01
1567,0.0
1568,0.01
1569,0.0
1570,0.02
1571,0.04
1572,0.01
1573,0.0
1574,0.05
1575,0.0
1576,0.03
1577,0.05
1578,0.0
1579,0.03
1580,0.11
1581,0.0
1582,0.0
1583,0.04
1584,0.02
1585,0.0
1586,0.01
1587,0.01
1588,0.0
1589,0.0
1590,0.0
1591,0.01
1592,0.04
1593,0.01
1594,0.0
1595,0.0
1596,0.16
1597,0.14
1598,0.01
1599,0.12
1600,0.0
1601,0.02
1602,0.0
1603,0.17
1604,0.02
1605,0.01
1606,0.08
1607,0.06
1608,0.01
1609,0.0
1610,0.04
1611,0.01
1612,0.04
1613,0.12
1614,0.08
1615,0.22
1616,0.0
1617,0.09
1618,0.0
1619,0.02
1620,0.0
1621,0.01
1622,0.07
1623,0.0
1624,0.03
1625,0.1
1626,0.01
1627,0.02
1628,0.01
1629,0.0
1630,0.15
1631,0.0
1632,0.05
1633,0.03
1634,0.0
1635,0.06
1636,0.05
1637,0.06
1638,0.02
1639,0.0
1640,0.0
1641,0.0
1642,0.0
1643,0.02
1644,0.01
1645,0.0
1646,0.0
1647,0.03
1648,0.03
1649,0.01
1650,0.0
1651,0.0
1652,0.0
1653,0.08
1654,0.0
1655,0.01
1656,0.04
1657,0.0
1658,0.01
1659,0.04
1660,0.32
1661,0.0
1662,0.01
1663,0.0
1664,0.01
1665,0.02
1666,0.04
1667,0.01
1668,0.0
1669,0.06
1670,0.0
1671,0.04
1672,0.01
1673,0.01
1674,0.14
1675,0.07
1676,0.02
1677,0.0
1678,0.0
1679,0.0
1680,0.0
1681,0.0
1682,0.0
1683,0.27
1684,0.0
1685,0.0
1686,0.01
1687,0.0
1688,0.0
1689,0.05
1690,0.0
1691,0.01
1692,0.01
1693,0.03
1694,0.01
1695,0.01
1696,0.03
1697,0.0
1698,0.02
1699,0.43
1700,0.13
1701,0.03
1702,0.01
1703,0.01
1704,0.0
1705,0.0
1706,0.09
1707,0.0
1708,0.03
1709,0.03
1710,0.01
1711,0.05
1712,0.07
1713,0.03
1714,0.07
1715,0.0
1716,0.16
1717,0.0
1718,0.04
1719,0.0
1720,0.01
1721,0.05
1722,0.02
1723,0.11
1724,0.0
1725,0.0
1726,0.02
1727,0.01
1728,0.07
1729,0.01
1730,0.08
1731,0.05
1732,0.0
1733,0.01
1734,0.01
1735,0.02
1736,0.12
1737,0.0
1738,0.08
1739,0.04
1740,0.04
1741,0.02
1742,0.02
1743,0.09
1744,0.0
1745,0.01
1746,0.01
1747,0.18
1748,0.07
1749,0.02
1750,0.0
1751,0.0
1752,0.13
1753,0.0
1754,0.01
1755,0.08
1756,0.04
1757,0.69
1758,0.02
1759,0.0
1760,0.0
1761,0.04
1762,0.01
1763,0.0
1764,0.01
1765,0.0
1766,0.07
1767,0.07
1768,0.01
1769,0.06
1770,0.02
1771,0.0
1772,0.01
1773,0.0
1774,0.14
1775,0.02
1776,0.08
1777,0.65
1778,0.0
1779,0.01
1780,0.02
1781,0.05
1782,0.45
1783,0.01
1784,0.02
1785,0.02
1786,0.06
1787,0.2
1788,0.01
1789,0.13
1790,0.0
1791,0.04
1792,0.0
1793,0.0
1794,0.06
1795,0.0
1796,0.02
1797,0.0
1798,0.11
1799,0.02
1800,0.03
1801,0.03
1802,0.0
1803,0.0
1804,0.0
1805,0.0
1806,0.04
1807,0.01
1808,0.0
1809,0.06
1810,0.05
1811,0.01
1812,0.02
1813,0.0
1814,0.0
1815,0.0
1816,0.01
1817,0.02
1818,0.0
1819,0.0
1820,0.0
1821,0.48
1822,0.0
1823,0.01
1824,0.0
1825,0.02
1826,0.05
1827,0.01
1828,0.0
1829,0.3
1830,0.0
1831,0.01
1832,0.01
1833,0.1
1834,0.02
1835,0.0
1836,0.05
1837,0.02
1838,0.0
1839,0.0
1840,0.44
1841,0.0
1842,0.12
1843,0.0
1844,0.06
1845,0.02
1846,0.0
1847,0.04
1848,0.0
1849,0.03
1850,0.01
1851,0.0
1852,0.01
1853,0.22
1854,0.05
1855,0.02
1856,0.0
1857,0.59
1858,0.01
1859,0.01
1860,0.0
1861,0.02
1862,0.0
1863,0.01
1864,0.0
1865,0.0
1866,0.02
1867,0.0
1868,0.21
1869,0.03
1870,0.45
1871,0.0
1872,0.01
1873,0.06
1874,0.01
1875,0.01
1876,0.04
1877,0.05
1878,0.77
1879,0.03
1880,0.01
1881,0.02
1882,0.01
1883,0.0
1884,0.04
1885,0.0
1886,0.01
1887,0.09
1888,0.0
1889,0.0
1890,0.08
1891,0.0
1892,0.21
1893,0.07
1894,0.02
1895,0.01
1896,0.01
1897,0.06
1898,0.02
1899,0.01
1900,0.01
1901,0.12
1902,0.0
1903,0.12
1904,0.32
1905,0.0
1906,0.0
1907,0.07
1908,0.01
1909,0.01
1910,0.03
1911,0.03
1912,0.22
1913,0.0
1914,0.0
1915,0.12
1916,0.0
1917,0.04
1918,0.09
1919,0.23
1920,0.06
1921,0.01
1922,0.01
1923,0.0
1924,0.13
1925,0.03
1926,0.14
1927,0.0
1928,0.05
1929,0.0
1930,0.06
1931,0.01
1932,0.02
1933,0.0
1934,0.0
1935,0.68
1936,0.02
1937,0.11
1938,0.0
1939,0.0
1940,0.01
1941,0.0
1942,0.04
1943,0.59
1944,0.05
1945,0.11
1946,0.19
1947,0.01
1948,0.0
1949,0.67
1950,0.0
1951,0.01
1952,0.01
1953,0.12
1954,0.01
1955,0.3
1956,0.0
1957,0.0
1958,0.07
1959,0.01
1960,0.01
1961,0.01
1962,0.0
1963,0.02
1964,0.0
1965,0.06
1966,0.01
1967,0.01
1968,0.02
1969,0.0
1970,0.05
1971,0.02
1972,0.0
1973,0.01
1974,0.0
1975,0.0
1976,0.0
1977,0.04
1978,0.04
1979,0.06
1980,0.01
1981,0.0
1982,0.01
1983,0.02
1984,0.09
1985,0.02
1986,0.05
1987,0.0
1988,0.04
1989,0.03
1990,0.22
1991,0.08
1992,0.05
1993,0.14
1994,0.01
1995,0.0
1996,0.0
1997,0.05
1998,0.0
1999,0.0
2000,0.0
2001,0.07
2002,0.01
2003,0.0
2004,0.0
2005,0.0
2006,0.0
2007,0.02
2008,0.02
2009,0.13
2010,0.01
2011,0.15
2012,0.02
2013,0.11
2014,0.0
2015,0.17
2016,0.2
2017,0.02
2018,0.11
2019,0.0
2020,0.02
2021,0.0
2022,0.0
2023,0.02
2024,0.03
2025,0.0
2026,0.08
2027,0.0
2028,0.0
2029,0.02
2030,0.36
2031,0.0
2032,0.02
2033,0.21
2034,0.01
2035,0.03
2036,0.04
2037,0.0
2038,0.01
2039,0.01
2040,0.0
2041,0.06
2042,0.02
2043,0.76
2044,0.0
2045,0.24
2046,0.52
2047,0.0
2048,0.02
2049,0.0
2050,0.03
2051,0.08
2052,0.01
2053,0.0
2054,0.08
2055,0.01
2056,0.01
2057,0.06
2058,0.09
2059,0.05
2060,0.04
2061,0.01
2062,0.05
2063,0.1
2064,0.01
2065,0.0
2066,0.0
2067,0.01
2068,0.03
2069,0.0
2070,0.0
2071,0.03
2072,0.03
2073,0.0
2074,0.03
2075,0.04
2076,0.01
2077,0.74
2078,0.03
2079,0.0
2080,0.07
2081,0.33
2082,0.04
2083,0.01
2084,0.01
2085,0.16
2086,0.23
2087,0.13
2088,0.07
2089,0.01
2090,0.0
2091,0.09
2092,0.0
2093,0.0
2094,0.0
2095,0.03
2096,0.01
2097,0.0
2098,0.0
2099,0.01
2100,0.0
2101,0.0
2102,0.03
2103,0.01
2104,0.14
2105,0.04
2106,0.06
2107,0.08
2108,0.06
2109,0.03
2110,0.02
2111,0.02
2112,0.05
2113,0.01
2114,0.0
2115,0.04
2116,0.04
2117,0.05
2118,0.0
2119,0.04
2120,0.52
2121,0.02
2122,0.01
2123,0.06
2124,0.03
2125,0.0
2126,0.0
2127,0.0
2128,0.0
2129,0.43
2130,0.01
2131,0.0
2132,0.02
2133,0.06
2134,0.01
2135,0.06
2136,0.01
2137,0.35
2138,0.5
2139,0.06
2140,0.07
2141,0.1
2142,0.12
2143,0.01
2144,0.0
2145,0.44
2146,0.02
2147,0.27
2148,0.03
2149,0.0
2150,0.01
2151,0.08
2152,0.02
2153,0.0
2154,0.03
2155,0.11
2156,0.07
2157,0.04
2158,0.01
2159,0.02
2160,0.02
2161,0.06
2162,0.0
2163,0.0
2164,0.0
2165,0.01
2166,0.0
2167,0.02
2168,0.01
2169,0.01
2170,0.01
2171,0.0
2172,0.0
2173,0.0
2174,0.05
2175,0.0
2176,0.01
2177,0.04
2178,0.08
2179,0.0
2180,0.03
2181,0.0
2182,0.05
2183,0.0
2184,0.09
2185,0.02
2186,0.01
2187,0.05
2188,0.0
2189,0.01
2190,0.06
2191,0.04
2192,0.12
2193,0.0
2194,0.0
2195,0.01
2196,0.01
2197,0.06
2198,0.0
2199,0.01
2200,0.0
2201,0.01
2202,0.01
2203,0.06
2204,0.0
2205,0.01
2206,0.01
2207,0.0
2208,0.08
2209,0.0
2210,0.0
2211,0.01
2212,0.07
2213,0.03
2214,0.67
2215,0.08
2216,0.1
2217,0.0
2218,0.02
2219,0.44
2220,0.0
2221,0.0
2222,0.01
2223,0.01
2224,0.0
2225,0.01
2226,0.07
2227,0.0
2228,0.01
2229,0.06
2230,0.01
2231,0.05
2232,0.05
2233,0.0
2234,0.01
2235,0.0
2236,0.0
2237,0.01
2238,0.14
2239,0.02
2240,0.0
2241,0.0
2242,0.01
2243,0.0
2244,0.13
2245,0.01
2246,0.06
2247,0.01
2248,0.76
2249,0.01
2250,0.02
2251,0.04
2252,0.02
2253,0.25
2254,0.05
2255,0.0
2256,0.01
2257,0.01
2258,0.0
2259,0.02
2260,0.01
2261,0.0
2262,0.0
2263,0.03
2264,0.05
2265,0.01
2266,0.01
2267,0.0
2268,0.08
2269,0.0
2270,0.17
2271,0.0
2272,0.0
2273,0.12
2274,0.1
2275,0.01
2276,0.02
2277,0.07
2278,0.08
2279,0.0
2280,0.04
2281,0.14
2282,0.0
2283,0.0
2284,0.0
2285,0.14
2286,0.05
2287,0.05
2288,0.03
2289,0.04
2290,0.03
2291,0.02
2292,0.01
2293,0.01
2294,0.01
2295,0.0
2296,0.03
2297,0.01
2298,0.01
2299,0.01
2300,0.0
2301,0.0
2302,0.01
2303,0.0
2304,0.06
2305,0.0
2306,0.08
2307,0.0
2308,0.02
2309,0.0
2310,0.0
2311,0.0
2312,0.01
2313,0.09
2314,0.0
2315,0.0
2316,0.01
2317,0.0
2318,0.0
2319,0.02
2320,0.03
2321,0.0
2322,0.03
2323,0.35
2324,0.0
2325,0.0
2326,0.0
2327,0.03
2328,0.0
2329,0.0
2330,0.01
2331,0.0
2332,0.0
2333,0.2
2334,0.0
2335,0.05
2336,0.0
2337,0.04
2338,0.02
2339,0.03
2340,0.03
2341,0.02
2342,0.01
2343,0.11
2344,0.29
2345,0.04
2346,0.0
2347,0.0
2348,0.01
2349,0.02
2350,0.03
2351,0.0
2352,0.0
2353,0.0
2354,0.0
2355,0.0
2356,0.0
2357,0.0
2358,0.0
2359,0.02
2360,0.02
2361,0.01
2362,0.08
2363,0.0
2364,0.0
2365,0.1
2366,0.0
2367,0.0
2368,0.0
2369,0.0
2370,0.16
2371,0.03
2372,0.02
2373,0.01
2374,0.0
2375,0.0
2376,0.01
2377,0.12
2378,0.66
2379,0.01
2380,0.03
2381,0.01
2382,0.0
2383,0.01
2384,0.01
2385,0.07
2386,0.08
2387,0.08
2388,0.32
2389,0.0
2390,0.01
2391,0.03
2392,0.0
2393,0.01
2394,0.0
2395,0.0
2396,0.01
2397,0.04
2398,0.1
2399,0.2
2400,0.06
2401,0.01
2402,0.03
2403,0.08
2404,0.0
2405,0.0
2406,0.0
2407,0.02
2408,0.0
2409,0.0
2410,0.0
2411,0.0
2412,0.06
2413,0.03
2414,0.0
2415,0.05
2416,0.1
2417,0.0
2418,0.0
2419,0.0
2420,0.0
2421,0.67
2422,0.0
2423,0.01
2424,0.0
2425,0.01
2426,0.0
2427,0.06
2428,0.42
2429,0.03
2430,0.0
2431,0.01
2432,0.0
2433,0.06
2434,0.03
2435,0.02
2436,0.0
2437,0.01
2438,0.0
2439,0.0
2440,0.0
2441,0.0
2442,0.0
2443,0.01
2444,0.0
2445,0.0
2446,0.02
2447,0.09
2448,0.1
2449,0.02
2450,0.0
2451,0.15
2452,0.09
2453,0.15
2454,0.01
2455,0.0
2456,0.07
2457,0.0
2458,0.0
2459,0.0
2460,0.0
2461,0.01
2462,0.05
2463,0.11
2464,0.09
2465,0.0
2466,0.07
2467,0.0
2468,0.02
2469,0.1
2470,0.02
2471,0.02
2472,0.01
2473,0.0
2474,0.02
2475,0.0
2476,0.06
2477,0.02
2478,0.12
2479,0.12
2480,0.0
2481,0.02
2482,0.0
2483,0.0
2484,0.05
2485,0.0
2486,0.0
2487,0.01
2488,0.02
2489,0.02
2490,0.01
2491,0.12
2492,0.04
2493,0.05
2494,0.01
2495,0.0
2496,0.09
2497,0.0
2498,0.0
2499,0.04
2500,0.01
2501,0.01
2502,0.01
2503,0.0
2504,0.0
2505,0.0
2506,0.02
2507,0.68
2508,0.0
2509,0.0
2510,0.02
2511,0.0
2512,0.01
2513,0.2
2514,0.01
2515,0.0
2516,0.0
2517,0.01
2518,0.0
2519,0.07
2520,0.02
2521,0.07
2522,0.08
2523,0.0
2524,0.01
2525,0.0
2526,0.02
2527,0.0
2528,0.01
2529,0.07
2530,0.01
2531,0.0
2532,0.02
2533,0.05
2534,0.0
2535,0.0
2536,0.01
2537,0.05
2538,0.0
2539,0.04
2540,0.4
2541,0.0
2542,0.04
2543,0.07
2544,0.01
2545,0.02
2546,0.0
2547,0.0
2548,0.03
2549,0.02
2550,0.01
2551,0.07
2552,0.11
2553,0.0
2554,0.0
2555,0.11
2556,0.0
2557,0.01
2558,0.03
2559,0.1
2560,0.0
2561,0.63
2562,0.07
2563,0.01
2564,0.0
2565,0.0
2566,0.0
2567,0.01
2568,0.01
2569,0.83
2570,0.15
2571,0.0
2572,0.0
2573,0.07
2574,0.06
2575,0.0
2576,0.0
2577,0.02
2578,0.0
2579,0.0
2580,0.07
2581,0.02
2582,0.0
2583,0.0
2584,0.02
2585,0.02
2586,0.08
2587,0.17
2588,0.15
2589,0.0
2590,0.0
2591,0.28
2592,0.39
2593,0.0
2594,0.05
2595,0.12
2596,0.0
2597,0.0
2598,0.08
2599,0.02
2600,0.04
2601,0.05
2602,0.03
2603,0.07
2604,0.02
2605,0.02
2606,0.03
2607,0.01
2608,0.04
2609,0.13
2610,0.03
2611,0.01
2612,0.0
2613,0.0
2614,0.08
2615,0.07
2616,0.02
2617,0.0
2618,0.01
2619,0.27
2620,0.01
2621,0.5
2622,0.0
2623,0.0
2624,0.01
2625,0.06
2626,0.05
2627,0.09
2628,0.01
2629,0.03
2630,0.0
2631,0.01
2632,0.0
2633,0.01
2634,0.01
2635,0.07
2636,0.0
2637,0.0
2638,0.19
2639,0.01
2640,0.02
2641,0.03
2642,0.14
2643,0.12
2644,0.04
2645,0.0
2646,0.77
2647,0.08
2648,0.0
2649,0.02
2650,0.08
2651,0.0
2652,0.0
2653,0.0
2654,0.04
2655,0.0
2656,0.0
2657,0.27
2658,0.0
2659,0.03
2660,0.1
2661,0.03
2662,0.02
2663,0.02
2664,0.07
2665,0.03
2666,0.04
2667,0.02
2668,0.0
2669,0.0
2670,0.0
2671,0.01
2672,0.06
2673,0.06
2674,0.63
2675,0.0
2676,0.0
2677,0.12
2678,0.06
2679,0.0
2680,0.03
2681,0.04
2682,0.0
2683,0.0
2684,0.02
2685,0.0
2686,0.0
2687,0.0
2688,0.02
2689,0.04
2690,0.03
2691,0.04
2692,0.09
2693,0.09
2694,0.02
2695,0.0
2696,0.01
2697,0.02
2698,0.06
2699,0.01
2700,0.06
2701,0.01
2702,0.05
2703,0.03
2704,0.0
2705,0.08
2706,0.0
2707,0.02
2708,0.07
2709,0.08
2710,0.05
2711,0.0
2712,0.28
2713,0.01
2714,0.02
2715,0.0
2716,0.07
2717,0.06
2718,0.02
2719,0.62
2720,0.0
2721,0.01
2722,0.04
2723,0.05
2724,0.0
2725,0.01
2726,0.0
2727,0.14
2728,0.0
2729,0.0
2730,0.0
2731,0.03
2732,0.12
2733,0.05
2734,0.01
2735,0.0
2736,0.0
2737,0.04
2738,0.01
2739,0.0
2740,0.03
2741,0.11
2742,0.02
2743,0.02
2744,0.01
2745,0.01
2746,0.05
2747,0.01
2748,0.05
2749,0.0
2750,0.01
2751,0.02
2752,0.07
2753,0.73
2754,0.02
2755,0.0
2756,0.0
2757,0.0
2758,0.06
2759,0.03
2760,0.02
2761,0.75
2762,0.07
2763,0.05
2764,0.0
2765,0.02
2766,0.01
2767,0.0
2768,0.0
2769,0.0
2770,0.0
2771,0.05
2772,0.05
2773,0.01
2774,0.0
2775,0.01
2776,0.03
2777,0.0
2778,0.03
2779,0.05
2780,0.17
2781,0.0
2782,0.02
2783,0.0
2784,0.01
2785,0.21
2786,0.0
2787,0.31
2788,0.02
2789,0.04
2790,0.01
2791,0.08
2792,0.0
2793,0.02
2794,0.11
2795,0.03
2796,0.11
2797,0.08
2798,0.0
2799,0.0
2800,0.37
2801,0.0
2802,0.0
2803,0.07
2804,0.0
2805,0.1
2806,0.06
2807,0.0
2808,0.02
2809,0.04
2810,0.0
2811,0.22
2812,0.47
2813,0.01
2814,0.0
2815,0.1
2816,0.0
2817,0.0
2818,0.0
2819,0.01
2820,0.02
2821,0.03
2822,0.05
2823,0.13
2824,0.02
2825,0.0
2826,0.71
2827,0.05
2828,0.07
2829,0.01
2830,0.03
2831,0.4
2832,0.01
2833,0.04
2834,0.51
2835,0.0
2836,0.0
2837,0.04
2838,0.0
2839,0.0
2840,0.04
2841,0.04
2842,0.04
2843,0.03
2844,0.0
2845,0.01
2846,0.0
2847,0.0
2848,0.0
2849,0.01
2850,0.06
2851,0.0
2852,0.0
2853,0.01
2854,0.01
2855,0.01
2856,0.02
2857,0.05
2858,0.04
2859,0.0
2860,0.04
2861,0.08
2862,0.74
2863,0.01
2864,0.04
2865,0.12
2866,0.02
2867,0.01
2868,0.01
2869,0.0
2870,0.01
2871,0.04
2872,0.0
2873,0.0
2874,0.07
2875,0.01
2876,0.02
2877,0.0
2878,0.0
2879,0.08
2880,0.09
2881,0.05
2882,0.02
2883,0.01
2884,0.01
2885,0.13
2886,0.0
2887,0.0
2888,0.05
2889,0.0
2890,0.0
2891,0.0
2892,0.0
2893,0.34
2894,0.11
2895,0.06
2896,0.0
2897,0.12
2898,0.01
2899,0.04
2900,0.05
2901,0.03
2902,0.1
2903,0.02
2904,0.01
2905,0.0
2906,0.63
2907,0.0
2908,0.0
2909,0.02
2910,0.03
2911,0.06
2912,0.02
2913,0.0
2914,0.03
2915,0.1
2916,0.13
2917,0.0
2918,0.0
2919,0.03
2920,0.0
2921,0.0
2922,0.01
2923,0.05
2924,0.02
2925,0.11
2926,0.0
2927,0.18
2928,0.01
2929,0.12
2930,0.02
2931,0.01
2932,0.01
2933,0.02
2934,0.0
2935,0.03
2936,0.0
2937,0.0
2938,0.0
2939,0.03
2940,0.0
2941,0.0
2942,0.34
2943,0.02
2944,0.12
2945,0.06
2946,0.02
2947,0.0
2948,0.02
2949,0.11
2950,0.02
2951,0.02
2952,0.03
2953,0.06
2954,0.03
2955,0.0
2956,0.0
2957,0.13
2958,0.09
2959,0.03
2960,0.0
2961,0.0
2962,0.01
2963,0.04
2964,0.06
2965,0.11
2966,0.04
2967,0.0
2968,0.08
2969,0.01
2970,0.07
2971,0.03
2972,0.05
2973,0.0
2974,0.01
2975,0.01
2976,0.01
2977,0.21
2978,0.82
2979,0.0
2980,0.05
2981,0.01
2982,0.0
2983,0.01
2984,0.0
2985,0.0
2986,0.03
2987,0.68
2988,0.05
2989,0.02
2990,0.08
2991,0.0
2992,0.0
2993,0.0
2994,0.0
2995,0.02
2996,0.05
2997,0.01
2998,0.04
2999,0.07
3000,0.61
3001,0.01
3002,0.04
3003,0.0
3004,0.08
3005,0.01
3006,0.01
3007,0.01
3008,0.01
3009,0.07
3010,0.69
3011,0.03
3012,0.0
3013,0.02
3014,0.02
3015,0.01
3016,0.12
3017,0.1
3018,0.03
3019,0.01
3020,0.02
3021,0.16
3022,0.0
3023,0.16
3024,0.01
3025,0.01
3026,0.03
3027,0.01
3028,0.01
3029,0.09
3030,0.0
3031,0.0
3032,0.0
3033,0.02
3034,0.04
3035,0.03
3036,0.12
3037,0.11
3038,0.0
3039,0.1
3040,0.01
3041,0.05
3042,0.0
3043,0.02
3044,0.01
3045,0.0
3046,0.04
3047,0.03
3048,0.02
3049,0.01
3050,0.03
3051,0.02
3052,0.0
3053,0.03
3054,0.0
3055,0.0
3056,0.0
3057,0.19
3058,0.01
3059,0.0
3060,0.01
3061,0.01
3062,0.04
3063,0.05
3064,0.01
3065,0.03
3066,0.01
3067,0.02
3068,0.05
3069,0.1
3070,0.59
3071,0.13
3072,0.0
3073,0.11
3074,0.0
3075,0.06
3076,0.0
3077,0.04
3078,0.0
3079,0.65
3080,0.02
3081,0.0
3082,0.04
3083,0.46
3084,0.06
3085,0.03
3086,0.06
3087,0.0
3088,0.0
3089,0.04
3090,0.0
3091,0.05
3092,0.08
3093,0.01
3094,0.01
3095,0.0
3096,0.0
3097,0.19
3098,0.08
3099,0.0
3100,0.11
3101,0.01
3102,0.02
3103,0.07
3104,0.02
3105,0.0
3106,0.04
3107,0.53
3108,0.07
3109,0.01
3110,0.05
3111,0.0
3112,0.01
3113,0.0
3114,0.02
3115,0.04
3116,0.01
3117,0.0
3118,0.07
3119,0.0
3120,0.0
3121,0.0
3122,0.04
3123,0.0
3124,0.02
3125,0.0
3126,0.0
3127,0.01
3128,0.01
3129,0.15
3130,0.09
3131,0.06
3132,0.15
3133,0.06
3134,0.04
3135,0.0
3136,0.0
3137,0.14
3138,0.35
3139,0.0
3140,0.09
3141,0.16
3142,0.1
3143,0.01
3144,0.4
3145,0.01
3146,0.09
3147,0.01
3148,0.21
3149,0.0
3150,0.0
3151,0.02
3152,0.0
3153,0.59
3154,0.01
3155,0.11
3156,0.02
3157,0.37
3158,0.01
3159,0.01
3160,0.0
3161,0.04
3162,0.0
3163,0.05
3164,0.03
3165,0.03
3166,0.0
3167,0.03
3168,0.07
3169,0.02
3170,0.0
3171,0.0
3172,0.01
3173,0.04
3174,0.01
3175,0.04
3176,0.0
3177,0.04
3178,0.05
3179,0.01
3180,0.01
3181,0.02
3182,0.04
3183,0.0
3184,0.07
3185,0.0
3186,0.05
3187,0.02
3188,0.1
3189,0.0
3190,0.14
3191,0.15
3192,0.01
3193,0.06
3194,0.03
3195,0.06
3196,0.0
3197,0.01
3198,0.0
3199,0.02
3200,0.02
3201,0.01
3202,0.04
3203,0.0
3204,0.66
3205,0.76
3206,0.0
3207,0.01
3208,0.0
3209,0.0
3210,0.01
3211,0.04
3212,0.07
3213,0.0
3214,0.1
3215,0.07
3216,0.01
3217,0.0
3218,0.0
3219,0.01
3220,0.02
3221,0.0
3222,0.03
3223,0.12
3224,0.06
3225,0.02
3226,0.0
3227,0.02
3228,0.0
3229,0.04
3230,0.25
3231,0.0
3232,0.01
3233,0.01
3234,0.01
3235,0.01
3236,0.58
3237,0.07
3238,0.0
3239,0.0
3240,0.0
3241,0.0
3242,0.01
3243,0.03
3244,0.01
3245,0.02
3246,0.02
3247,0.11
3248,0.0
3249,0.06
3250,0.02
3251,0.42
3252,0.11
3253,0.01
3254,0.09
3255,0.0
3256,0.03
3257,0.0
3258,0.02
3259,0.07
3260,0.02
3261,0.06
3262,0.05
3263,0.0
3264,0.0
3265,0.0
3266,0.01
3267,0.0
3268,0.02
3269,0.0
3270,0.02
3271,0.09
3272,0.0
3273,0.13
3274,0.1
3275,0.01
3276,0.0
3277,0.03
3278,0.09
3279,0.0
3280,0.24
3281,0.01
3282,0.02
3283,0.0
3284,0.0
3285,0.04
3286,0.01
3287,0.01
3288,0.01
3289,0.11
3290,0.02
3291,0.06
3292,0.0
3293,0.0
3294,0.01
3295,0.02
3296,0.02
3297,0.06
3298,0.0
3299,0.56
3300,0.02
3301,0.07
3302,0.02
3303,0.0
3304,0.01
3305,0.0
3306,0.0
3307,0.03
3308,0.01
3309,0.01
3310,0.0
3311,0.0
3312,0.03
3313,0.07
3314,0.01
3315,0.0
3316,0.02
3317,0.02
3318,0.02
3319,0.05
3320,0.0
3321,0.0
3322,0.02
3323,0.1
3324,0.0
3325,0.0
3326,0.0
3327,0.08
3328,0.0
3329,0.01
3330,0.05
3331,0.05
3332,0.01
3333,0.0
3334,0.76
3335,0.01
3336,0.01
3337,0.13
3338,0.08
3339,0.01
3340,0.04
3341,0.03
3342,0.02
3343,0.02
3344,0.07
3345,0.01
3346,0.04
3347,0.0
3348,0.06
3349,0.0
3350,0.0
3351,0.05
3352,0.06
3353,0.01
3354,0.0
3355,0.04
3356,0.08
3357,0.04
3358,0.0
3359,0.04
3360,0.01
3361,0.01
3362,0.05
3363,0.0
3364,0.0
3365,0.04
3366,0.13
3367,0.04
3368,0.01
3369,0.02
3370,0.16
3371,0.04
3372,0.01
3373,0.0
3374,0.11
3375,0.0
3376,0.3
3377,0.0
3378,0.03
3379,0.03
3380,0.04
3381,0.1
3382,0.0
3383,0.0
3384,0.0
3385,0.03
3386,0.02
3387,0.0
3388,0.16
3389,0.0
3390,0.08
3391,0.0
3392,0.01
3393,0.0
3394,0.01
3395,0.02
3396,0.06
3397,0.03
3398,0.13
3399,0.05
3400,0.0
3401,0.0
3402,0.59
3403,0.1
3404,0.01
3405,0.02
3406,0.2
3407,0.01
3408,0.02
3409,0.0
3410,0.1
3411,0.05
3412,0.0
3413,0.02
3414,0.71
3415,0.04
3416,0.0
3417,0.0
3418,0.12
3419,0.01
3420,0.0
3421,0.0
3422,0.0
3423,0.1
3424,0.02
3425,0.02
3426,0.06
3427,0.02
3428,0.07
3429,0.02
3430,0.0
3431,0.0
3432,0.0
3433,0.11
3434,0.03
3435,0.01
3436,0.02
3437,0.59
3438,0.0
3439,0.04
3440,0.02
3441,0.02
3442,0.0
3443,0.06
3444,0.03
3445,0.02
3446,0.04
3447,0.05
3448,0.02
3449,0.04
3450,0.01
3451,0.0
3452,0.0
3453,0.0
3454,0.02
3455,0.0
3456,0.0
3457,0.03
3458,0.0
3459,0.06
3460,0.25
3461,0.02
3462,0.0
3463,0.04
3464,0.05
3465,0.0
3466,0.06
3467,0.0
3468,0.08
3469,0.01
3470,0.01
3471,0.0
3472,0.0
3473,0.02
3474,0.08
3475,0.0
3476,0.04
3477,0.0
3478,0.03
3479,0.01
3480,0.07
3481,0.13
3482,0.01
3483,0.0
3484,0.0
3485,0.01
3486,0.0
3487,0.01
3488,0.0
3489,0.0
3490,0.02
3491,0.01
3492,0.03
3493,0.07
3494,0.09
3495,0.02
3496,0.11
3497,0.12
3498,0.01
3499,0.05
3500,0.0
3501,0.39
3502,0.0
3503,0.03
3504,0.06
3505,0.14
3506,0.09
3507,0.06
3508,0.1
3509,0.08
3510,0.36
3511,0.01
3512,0.0
3513,0.8
3514,0.01
3515,0.0
3516,0.06
3517,0.01
3518,0.09
3519,0.02
3520,0.05
3521,0.07
3522,0.06
3523,0.03
3524,0.0
3525,0.0
3526,0.11
3527,0.07
3528,0.14
3529,0.08
3530,0.0
3531,0.02
3532,0.0
3533,0.0
3534,0.0
3535,0.23
3536,0.01
3537,0.0
3538,0.0
3539,0.16
3540,0.01
3541,0.01
3542,0.01
3543,0.01
3544,0.01
3545,0.06
3546,0.03
3547,0.03
3548,0.0
3549,0.14
3550,0.0
3551,0.06
3552,0.05
3553,0.06
3554,0.79
3555,0.13
3556,0.02
3557,0.02
3558,0.01
3559,0.02
3560,0.0
3561,0.02
3562,0.0
3563,0.05
3564,0.06
3565,0.09
3566,0.01
3567,0.02
3568,0.01
3569,0.01
3570,0.01
3571,0.02
3572,0.0
3573,0.0
3574,0.02
3575,0.82
3576,0.13
3577,0.03
3578,0.0
3579,0.02
3580,0.0
3581,0.0
3582,0.01
3583,0.03
3584,0.0
3585,0.1
3586,0.01
3587,0.14
3588,0.0
3589,0.26
3590,0.17
3591,0.14
3592,0.0
3593,0.01
3594,0.0
3595,0.0
3596,0.02
3597,0.02
3598,0.02
3599,0.25
3600,0.02
3601,0.0
3602,0.01
3603,0.0
3604,0.01
3605,0.0
3606,0.01
3607,0.02
3608,0.02
3609,0.09
3610,0.0
3611,0.03
3612,0.0
3613,0.01
3614,0.01
3615,0.0
3616,0.03
3617,0.05
3618,0.0
3619,0.09
3620,0.02
3621,0.01
3622,0.04
3623,0.05
3624,0.01
3625,0.03
3626,0.05
3627,0.0
3628,0.01
3629,0.02
3630,0.0
3631,0.01
3632,0.02
3633,0.0
3634,0.0
3635,0.01
3636,0.03
3637,0.0
3638,0.04
3639,0.0
3640,0.01
3641,0.0
3642,0.03
3643,0.0
3644,0.0
3645,0.12
3646,0.01
3647,0.71
3648,0.03
3649,0.0
3650,0.06
3651,0.02
3652,0.02
3653,0.04
3654,0.0
3655,0.05
3656,0.07
3657,0.05
3658,0.0
3659,0.45
3660,0.04
3661,0.0
3662,0.1
3663,0.0
3664,0.03
3665,0.0
3666,0.04
3667,0.03
3668,0.01
3669,0.0
3670,0.04
3671,0.0
3672,0.06
3673,0.31
3674,0.0
3675,0.38
3676,0.04
3677,0.0
3678,0.0
3679,0.09
3680,0.01
3681,0.01
3682,0.0
3683,0.01
3684,0.05
3685,0.02
3686,0.05
3687,0.02
3688,0.0
3689,0.02
3690,0.04
3691,0.01
3692,0.03
3693,0.01
3694,0.0
3695,0.53
3696,0.0
3697,0.02
3698,0.02
3699,0.02
3700,0.0
3701,0.0
3702,0.02
3703,0.01
3704,0.04
3705,0.04
3706,0.02
3707,0.0
3708,0.0
3709,0.0
3710,0.0
3711,0.02
3712,0.12
3713,0.02
3714,0.04
3715,0.0
3716,0.0
3717,0.0
3718,0.0
3719,0.03
3720,0.01
3721,0.25
3722,0.01
3723,0.17
3724,0.37
3725,0.01
3726,0.02
3727,0.0
3728,0.0
3729,0.06
3730,0.01
3731,0.08
3732,0.0
3733,0.03
3734,0.02
3735,0.0
3736,0.0
3737,0.02
3738,0.03
3739,0.04
3740,0.05
3741,0.02
3742,0.59
3743,0.01
3744,0.0
3745,0.11
3746,0.02
3747,0.11
3748,0.03
3749,0.01
3750,0.03
3751,0.04
3752,0.36
3753,0.0
3754,0.01
3755,0.01
3756,0.0
3757,0.01
3758,0.01
3759,0.01
3760,0.03
3761,0.0
3762,0.02
3763,0.0
3764,0.12
3765,0.01
3766,0.01
3767,0.07
3768,0.02
3769,0.01
3770,0.03
3771,0.01
3772,0.26
3773,0.11
3774,0.07
3775,0.0
3776,0.0
3777,0.0
3778,0.0
3779,0.3
3780,0.22
3781,0.0
3782,0.05
3783,0.01
3784,0.1
3785,0.0
3786,0.0
3787,0.0
3788,0.01
3789,0.01
3790,0.01
3791,0.01
3792,0.0
3793,0.09
3794,0.0
3795,0.22
3796,0.01
3797,0.0
3798,0.0
3799,0.06
3800,0.03
3801,0.0
3802,0.08
3803,0.0
3804,0.31
3805,0.11
3806,0.18
3807,0.02
3808,0.08
3809,0.88
3810,0.04
3811,0.0
3812,0.01
3813,0.09
3814,0.04
3815,0.01
3816,0.03
3817,0.02
3818,0.0
3819,0.21
3820,0.0
3821,0.01
3822,0.01
3823,0.01
3824,0.02
3825,0.0
3826,0.04
3827,0.01
3828,0.0
3829,0.0
3830,0.0
3831,0.47
3832,0.11
3833,0.01
3834,0.07
3835,0.01
3836,0.03
3837,0.46
3838,0.02
3839,0.03
3840,0.04
3841,0.0
3842,0.02
3843,0.0
3844,0.0
3845,0.01
3846,0.03
3847,0.01
3848,0.38
3849,0.01
3850,0.03
3851,0.0
3852,0.03
3853,0.15
3854,0.02
3855,0.02
3856,0.01
3857,0.02
3858,0.11
3859,0.03
3860,0.06
3861,0.0
3862,0.2
3863,0.0
3864,0.0
3865,0.0
3866,0.0
3867,0.0
3868,0.66
3869,0.04
3870,0.11
3871,0.02
3872,0.0
3873,0.0
3874,0.07
3875,0.01
3876,0.06
3877,0.06
3878,0.0
3879,0.0
3880,0.0
3881,0.01
3882,0.03
3883,0.0
3884,0.01
3885,0.0
3886,0.01
3887,0.07
3888,0.02
3889,0.0
3890,0.01
3891,0.05
3892,0.01
3893,0.03
3894,0.0
3895,0.01
3896,0.02
3897,0.0
3898,0.01
3899,0.01
3900,0.01
3901,0.0
3902,0.0
3903,0.01
3904,0.02
3905,0.02
3906,0.02
3907,0.03
3908,0.12
3909,0.05
3910,0.07
3911,0.01
3912,0.03
3913,0.02
3914,0.0
3915,0.01
3916,0.09
3917,0.03
3918,0.01
3919,0.03
3920,0.0
3921,0.0
3922,0.0
3923,0.12
3924,0.1
3925,0.01
3926,0.03
3927,0.04
3928,0.0
3929,0.11
3930,0.04
3931,0.0
3932,0.01
3933,0.0
3934,0.03
3935,0.05
3936,0.0
3937,0.01
3938,0.01
3939,0.01
3940,0.07
3941,0.0
3942,0.02
3943,0.0
3944,0.0
3945,0.0
3946,0.0
3947,0.0
3948,0.01
3949,0.03
3950,0.0
3951,0.01
3952,0.0
3953,0.02
3954,0.02
3955,0.01
3956,0.0
3957,0.04
3958,0.0
3959,0.03
3960,0.0
3961,0.01
3962,0.0
3963,0.01
3964,0.01
3965,0.05
3966,0.0
3967,0.02
3968,0.09
3969,0.01
3970,0.06
3971,0.44
3972,0.03
3973,0.01
3974,0.01
3975,0.01
3976,0.01
3977,0.01
3978,0.0
3979,0.0
3980,0.02
3981,0.02
3982,0.02
3983,0.03
3984,0.0
3985,0.01
3986,0.13
3987,0.02
3988,0.08
3989,0.0
3990,0.04
3991,0.12
3992,0.45
3993,0.32
3994,0.16
3995,0.12
3996,0.0
3997,0.04
3998,0.01
3999,0.1
4000,0.0
4001,0.15
4002,0.09
4003,0.06
4004,0.11
4005,0.0
4006,0.03
4007,0.18
4008,0.09
4009,0.06
4010,0.07
4011,0.0
4012,0.01
4013,0.02
4014,0.02
4015,0.0
4016,0.29
4017,0.01
4018,0.11
4019,0.05
4020,0.0
4021,0.02
4022,0.01
4023,0.02
4024,0.0
4025,0.09
4026,0.0
4027,0.0
4028,0.02
4029,0.01
4030,0.07
4031,0.0
4032,0.02
4033,0.0
4034,0.05
4035,0.13
4036,0.0
4037,0.58
4038,0.01
4039,0.05
4040,0.01
4041,0.01
4042,0.02
4043,0.04
4044,0.0
4045,0.0
4046,0.01
4047,0.02
4048,0.01
4049,0.42
4050,0.01
4051,0.01
4052,0.05
4053,0.09
4054,0.0
4055,0.0
4056,0.02
4057,0.0
4058,0.01
4059,0.0
4060,0.01
4061,0.02
4062,0.0
4063,0.0
4064,0.29
4065,0.0
4066,0.01
4067,0.0
4068,0.01
4069,0.03
4070,0.01
4071,0.01
4072,0.02
4073,0.55
4074,0.01
4075,0.01
4076,0.51
4077,0.09
4078,0.0
4079,0.09
4080,0.03
4081,0.0
4082,0.0
4083,0.06
4084,0.0
4085,0.08
4086,0.01
4087,0.01
4088,0.0
4089,0.03
4090,0.0
4091,0.02
4092,0.03
4093,0.01
4094,0.0
4095,0.01
4096,0.01
4097,0.03
4098,0.03
4099,0.0
4100,0.08
4101,0.03
4102,0.03
4103,0.67
4104,0.01
4105,0.08
4106,0.05
4107,0.04
4108,0.0
4109,0.05
4110,0.06
4111,0.02
4112,0.23
4113,0.57
4114,0.07
4115,0.13
4116,0.09
4117,0.02
4118,0.02
4119,0.03
4120,0.0
4121,0.0
4122,0.03
4123,0.17
4124,0.49
4125,0.1
4126,0.0
4127,0.0
4128,0.02
4129,0.01
4130,0.08
4131,0.47
4132,0.02
4133,0.01
4134,0.01
4135,0.02
4136,0.01
4137,0.02
4138,0.06
4139,0.01
4140,0.0
4141,0.0
4142,0.01
4143,0.02
4144,0.03
4145,0.01
4146,0.02
4147,0.07
4148,0.14
4149,0.29
4150,0.01
4151,0.09
4152,0.4
4153,0.13
4154,0.02
4155,0.02
4156,0.35
4157,0.02
4158,0.0
4159,0.04
4160,0.0
4161,0.02
4162,0.16
4163,0.02
4164,0.0
4165,0.01
4166,0.0
4167,0.01
4168,0.0
4169,0.02
4170,0.0
4171,0.05
4172,0.07
4173,0.01
4174,0.17
4175,0.02
4176,0.05
4177,0.01
4178,0.01
4179,0.0
4180,0.24
4181,0.17
4182,0.0
4183,0.03
4184,0.0
4185,0.12
4186,0.05
4187,0.02
4188,0.06
4189,0.0
4190,0.02
4191,0.1
4192,0.01
4193,0.0
4194,0.08
4195,0.05
4196,0.16
4197,0.14
4198,0.0
4199,0.04
4200,0.05
4201,0.0
4202,0.04
4203,0.0
4204,0.0
4205,0.02
4206,0.03
4207,0.1
4208,0.01
4209,0.0
4210,0.02
4211,0.02
4212,0.02
4213,0.0
4214,0.05
4215,0.0
4216,0.13
4217,0.06
4218,0.02
4219,0.0
4220,0.03
4221,0.0
4222,0.03
4223,0.17
4224,0.05
4225,0.21
4226,0.02
4227,0.0
4228,0.01
4229,0.0
4230,0.04
4231,0.01
4232,0.0
4233,0.0
4234,0.04
4235,0.37
4236,0.01
4237,0.01
4238,0.0
4239,0.63
4240,0.04
4241,0.14
4242,0.01
4243,0.01
4244,0.0
4245,0.01
4246,0.01
4247,0.01
4248,0.02
4249,0.02
4250,0.0
4251,0.08
4252,0.0
4253,0.05
4254,0.0
4255,0.0
4256,0.01
4257,0.03
4258,0.0
4259,0.06
4260,0.03
4261,0.46
4262,0.01
4263,0.02
4264,0.02
4265,0.01
4266,0.01
4267,0.02
4268,0.0
4269,0.01
4270,0.03
4271,0.04
4272,0.01
4273,0.01
4274,0.05
4275,0.0
4276,0.0
4277,0.0
4278,0.01
4279,0.01
4280,0.08
4281,0.06
4282,0.0
4283,0.04
4284,0.5
4285,0.06
4286,0.01
4287,0.0
4288,0.01
4289,0.03
4290,0.0
4291,0.06
4292,0.01
4293,0.03
4294,0.01
4295,0.0
4296,0.03
4297,0.02
4298,0.01
4299,0.14
4300,0.28
4301,0.0
4302,0.04
4303,0.0
4304,0.01
4305,0.07
4306,0.0
4307,0.02
4308,0.02
4309,0.01
4310,0.08
4311,0.11
4312,0.1
4313,0.03
4314,0.01
4315,0.04
4316,0.0
4317,0.08
4318,0.04
4319,0.0
4320,0.01
4321,0.02
4322,0.03
4323,0.0
4324,0.05
4325,0.0
4326,0.09
4327,0.09
4328,0.02
4329,0.02
4330,0.01
4331,0.02
4332,0.01
4333,0.05
4334,0.2
4335,0.0
4336,0.02
4337,0.2
4338,0.04
4339,0.63
4340,0.0
4341,0.08
4342,0.0
4343,0.02
4344,0.17
4345,0.0
4346,0.05
4347,0.0
4348,0.02
4349,0.0
4350,0.03
4351,0.01
4352,0.05
4353,0.0
4354,0.0
4355,0.0
4356,0.03
4357,0.1
4358,0.39
4359,0.0
4360,0.19
4361,0.01
4362,0.01
4363,0.0
4364,0.0
4365,0.0
4366,0.01
4367,0.01
4368,0.02
4369,0.23
4370,0.0
4371,0.0
4372,0.01
4373,0.23
4374,0.0
4375,0.0
4376,0.0
4377,0.06
4378,0.19
4379,0.02
4380,0.02
4381,0.01
4382,0.2
4383,0.02
4384,0.01
4385,0.03
4386,0.02
4387,0.01
4388,0.0
4389,0.04
4390,0.0
4391,0.0
4392,0.0
4393,0.0
4394,0.06
4395,0.04
4396,0.05
4397,0.01
4398,0.02
4399,0.01
4400,0.0
4401,0.01
4402,0.03
4403,0.01
4404,0.01
4405,0.02
4406,0.01
4407,0.15
4408,0.04
4409,0.06
4410,0.11
4411,0.02
4412,0.06
4413,0.0
4414,0.0
4415,0.0
4416,0.04
4417,0.04
4418,0.05
4419,0.23
4420,0.0
4421,0.1
4422,0.02
4423,0.0
4424,0.0
4425,0.02
4426,0.0
4427,0.01
4428,0.0
4429,0.01
4430,0.0
4431,0.02
4432,0.02
4433,0.0
4434,0.03
4435,0.01
4436,0.04
4437,0.0
4438,0.0
4439,0.03
4440,0.0
4441,0.01
4442,0.0
4443,0.02
4444,0.08
4445,0.01
4446,0.02
4447,0.04
4448,0.04
4449,0.0
4450,0.07
4451,0.0
4452,0.15
4453,0.0
4454,0.47
4455,0.01
4456,0.0
4457,0.03
4458,0.13
4459,0.07
4460,0.0
4461,0.0
4462,0.01
4463,0.0
4464,0.02
4465,0.0
4466,0.35
4467,0.19
4468,0.03
4469,0.0
4470,0.0
4471,0.02
4472,0.01
4473,0.0
4474,0.1
4475,0.03
4476,0.02
4477,0.0
4478,0.02
4479,0.03
4480,0.05
4481,0.0
4482,0.0
4483,0.01
4484,0.0
4485,0.21
4486,0.01
4487,0.0
4488,0.03
4489,0.01
4490,0.01
4491,0.01
4492,0.0
4493,0.01
4494,0.06
4495,0.03
4496,0.02
4497,0.05
4498,0.01
4499,0.35
4500,0.05
4501,0.15
4502,0.0
4503,0.17
4504,0.01
4505,0.01
4506,0.03
4507,0.02
4508,0.03
4509,0.2
4510,0.07
4511,0.11
4512,0.01
4513,0.0
4514,0.06
4515,0.01
4516,0.02
4517,0.0
4518,0.0
4519,0.0
4520,0.02
4521,0.0
4522,0.49
4523,0.0
4524,0.04
4525,0.0
4526,0.03
4527,0.0
4528,0.0
4529,0.01
4530,0.02
4531,0.03
4532,0.03
4533,0.12
4534,0.05
4535,0.01
4536,0.0
4537,0.02
4538,0.26
4539,0.72
4540,0.0
4541,0.06
4542,0.01
4543,0.04
4544,0.02
4545,0.0
4546,0.11
4547,0.0
4548,0.74
4549,0.0
4550,0.03
4551,0.0
4552,0.0
4553,0.07
4554,0.0
4555,0.0
4556,0.01
4557,0.0
4558,0.01
4559,0.0
4560,0.01
4561,0.08
4562,0.01
4563,0.01
4564,0.02
4565,0.0
4566,0.01
4567,0.01
4568,0.63
4569,0.0
4570,0.05
4571,0.08
4572,0.5
4573,0.0
4574,0.08
4575,0.1
4576,0.03
4577,0.06
4578,0.07
4579,0.0
4580,0.03
4581,0.28
4582,0.0
4583,0.11
4584,0.02
4585,0.0
4586,0.01
4587,0.0
4588,0.0
4589,0.48
4590,0.03
4591,0.0
4592,0.0
4593,0.05
4594,0.0
4595,0.1
4596,0.0
4597,0.01
4598,0.06
4599,0.01
4600,0.46
4601,0.0
4602,0.43
4603,0.03
4604,0.01
4605,0.1
4606,0.02
4607,0.0
4608,0.05
4609,0.01
4610,0.03
4611,0.01
4612,0.01
4613,0.07
4614,0.03
4615,0.0
4616,0.01
4617,0.02
4618,0.04
4619,0.03
4620,0.01
4621,0.06
4622,0.01
4623,0.07
4624,0.0
4625,0.01
4626,0.01
4627,0.04
4628,0.06
4629,0.0
4630,0.11
4631,0.0
4632,0.0
4633,0.01
4634,0.05
4635,0.05
4636,0.02
4637,0.04
4638,0.02
4639,0.12
4640,0.0
4641,0.32
4642,0.01
4643,0.02
4644,0.02
4645,0.0
4646,0.0
4647,0.02
4648,0.01
4649,0.02
4650,0.07
4651,0.0
4652,0.11
4653,0.0
4654,0.4
4655,0.01
4656,0.01
4657,0.0
4658,0.01
4659,0.01
4660,0.12
4661,0.01
4662,0.01
4663,0.0
4664,0.0
4665,0.03
4666,0.02
4667,0.05
4668,0.01
4669,0.0
4670,0.01
4671,0.0
4672,0.74
4673,0.0
4674,0.0
4675,0.02
4676,0.03
4677,0.02
4678,0.08
4679,0.01
4680,0.0
4681,0.24
4682,0.09
4683,0.0
4684,0.0
4685,0.02
4686,0.55
4687,0.01
4688,0.03
4689,0.03
4690,0.04
4691,0.03
4692,0.0
4693,0.02
4694,0.02
4695,0.01
4696,0.03
4697,0.08
4698,0.0
4699,0.03
4700,0.0
4701,0.0
4702,0.0
4703,0.05
4704,0.01
4705,0.0
4706,0.0
4707,0.03
4708,0.02
4709,0.03
4710,0.01
4711,0.01
4712,0.03
4713,0.0
4714,0.15
4715,0.08
4716,0.03
4717,0.1
4718,0.03
4719,0.06
4720,0.07
4721,0.02
4722,0.08
4723,0.0
4724,0.83
4725,0.0
4726,0.09
4727,0.01
4728,0.02
4729,0.0
4730,0.05
4731,0.04
4732,0.0
4733,0.01
4734,0.01
4735,0.11
4736,0.01
4737,0.12
4738,0.06
4739,0.0
4740,0.05
4741,0.03
4742,0.0
4743,0.84
4744,0.01
4745,0.08
4746,0.05
4747,0.04
4748,0.0
4749,0.8
4750,0.06
4751,0.02
4752,0.09
4753,0.0
4754,0.02
4755,0.04
4756,0.01
4757,0.0
4758,0.08
4759,0.01
4760,0.31
4761,0.14
4762,0.01
4763,0.2
4764,0.02
4765,0.0
4766,0.0
4767,0.05
4768,0.01
4769,0.01
4770,0.06
4771,0.0
4772,0.02
4773,0.06
4774,0.05
4775,0.0
4776,0.06
4777,0.0
4778,0.1
4779,0.0
4780,0.01
4781,0.0
4782,0.0
4783,0.01
4784,0.0
4785,0.01
4786,0.0
4787,0.06
4788,0.0
4789,0.07
4790,0.05
4791,0.02
4792,0.01
4793,0.07
4794,0.51
4795,0.0
4796,0.04
4797,0.0
4798,0.34
4799,0.0
4800,0.34
4801,0.01
4802,0.05
4803,0.04
4804,0.02
4805,0.07
4806,0.07
4807,0.03
4808,0.02
4809,0.04
4810,0.03
4811,0.0
4812,0.0
4813,0.01
4814,0.08
4815,0.03
4816,0.6
4817,0.0
4818,0.11
4819,0.04
4820,0.77
4821,0.0
4822,0.0
4823,0.02
4824,0.01
4825,0.06
4826,0.01
4827,0.01
4828,0.01
4829,0.05
4830,0.0
4831,0.0
4832,0.02
4833,0.0
4834,0.08
4835,0.07
4836,0.06
4837,0.0
4838,0.07
4839,0.12
4840,0.1
4841,0.0
4842,0.02
4843,0.05
4844,0.03
4845,0.0
4846,0.32
4847,0.0
4848,0.03
4849,0.02
4850,0.0
4851,0.0
4852,0.0
4853,0.32
4854,0.0
4855,0.07
4856,0.0
4857,0.0
4858,0.06
4859,0.0
4860,0.81
4861,0.07
4862,0.07
4863,0.01
4864,0.04
4865,0.0
4866,0.1
4867,0.02
4868,0.1
4869,0.02
4870,0.03
4871,0.0
4872,0.01
4873,0.01
4874,0.02
4875,0.0
4876,0.05
4877,0.0
4878,0.07
4879,0.13
4880,0.03
4881,0.0
4882,0.02
4883,0.1
4884,0.0
4885,0.7
4886,0.04
4887,0.09
4888,0.03
4889,0.0
4890,0.0
4891,0.0
4892,0.16
4893,0.01
4894,0.0
4895,0.06
4896,0.04
4897,0.01
4898,0.0
4899,0.02
4900,0.0
4901,0.0
4902,0.04
4903,0.04
4904,0.01
4905,0.0
4906,0.08
4907,0.06
4908,0.01
4909,0.0
4910,0.01
4911,0.41
4912,0.0
4913,0.06
4914,0.0
4915,0.0
4916,0.0
4917,0.7
4918,0.0
4919,0.02
4920,0.0
4921,0.13
4922,0.02
4923,0.01
4924,0.1
4925,0.01
4926,0.0
4927,0.16
4928,0.02
4929,0.0
4930,0.01
4931,0.02
4932,0.12
4933,0.02
4934,0.15
4935,0.0
4936,0.01
4937,0.01
4938,0.19
4939,0.01
4940,0.04
4941,0.0
4942,0.01
4943,0.45
4944,0.03
4945,0.0
4946,0.0
4947,0.01
4948,0.01
4949,0.0
4950,0.0
4951,0.0
4952,0.01
4953,0.12
4954,0.07
4955,0.02
4956,0.01
4957,0.01
4958,0.03
4959,0.43
4960,0.03
4961,0.0
4962,0.03
4963,0.0
4964,0.04
4965,0.05
4966,0.01
4967,0.0
4968,0.02
4969,0.0
4970,0.01
4971,0.0
4972,0.04
4973,0.0
4974,0.5
4975,0.01
4976,0.04
4977,0.09
4978,0.24
4979,0.01
4980,0.0
4981,0.09
4982,0.0
4983,0.01
4984,0.0
4985,0.07
4986,0.04
4987,0.0
4988,0.0
4989,0.0
4990,0.02
4991,0.04
4992,0.0
4993,0.33
4994,0.01
4995,0.02
4996,0.01
4997,0.02
4998,0.0
4999,0.04
5000,0.1
5001,0.0
5002,0.01
5003,0.1
5004,0.0
5005,0.05
5006,0.05
5007,0.01
5008,0.0
5009,0.0
5010,0.04
5011,0.08
5012,0.04
5013,0.0
5014,0.06
5015,0.0
5016,0.06
5017,0.02
5018,0.0
5019,0.09
5020,0.08
5021,0.01
5022,0.05
5023,0.01
5024,0.03
5025,0.11
5026,0.0
5027,0.07
5028,0.01
5029,0.0
5030,0.62
5031,0.04
5032,0.06
5033,0.02
5034,0.0
5035,0.0
5036,0.01
5037,0.0
5038,0.0
5039,0.0
5040,0.0
5041,0.01
5042,0.01
5043,0.06
5044,0.01
5045,0.0
5046,0.01
5047,0.01
5048,0.13
5049,0.01
5050,0.0
5051,0.0
5052,0.11
5053,0.05
5054,0.0
5055,0.01
5056,0.0
5057,0.0
5058,0.0
5059,0.03
5060,0.06
5061,0.01
5062,0.01
5063,0.02
5064,0.07
5065,0.01
5066,0.1
5067,0.0
5068,0.02
5069,0.02
5070,0.6
5071,0.03
5072,0.0
5073,0.81
5074,0.02
5075,0.03
5076,0.0
5077,0.03
5078,0.02
5079,0.08
5080,0.03
5081,0.01
5082,0.04
5083,0.02
5084,0.1
5085,0.06
5086,0.0
5087,0.08
5088,0.14
5089,0.14
5090,0.0
5091,0.0
5092,0.02
5093,0.36
5094,0.07
5095,0.0
5096,0.04
5097,0.02
5098,0.0
5099,0.02
5100,0.0
5101,0.07
5102,0.1
5103,0.0
5104,0.0
5105,0.08
5106,0.01
5107,0.0
5108,0.04
5109,0.0
5110,0.0
5111,0.09
5112,0.03
5113,0.03
5114,0.0
5115,0.0
5116,0.0
5117,0.0
5118,0.01
5119,0.0
5120,0.33
5121,0.02
5122,0.12
5123,0.0
5124,0.0
5125,0.01
5126,0.02
5127,0.0
5128,0.02
5129,0.0
5130,0.0
5131,0.68
5132,0.1
5133,0.02
5134,0.09
5135,0.01
5136,0.01
5137,0.0
5138,0.0
5139,0.01
5140,0.08
5141,0.01
5142,0.04
5143,0.1
5144,0.0
5145,0.03
5146,0.04
5147,0.09
5148,0.07
5149,0.25
5150,0.01
5151,0.0
5152,0.05
5153,0.0
5154,0.03
5155,0.42
5156,0.01
5157,0.04
5158,0.06
5159,0.15
5160,0.0
5161,0.02
5162,0.0
5163,0.09
5164,0.02
5165,0.0
5166,0.03
5167,0.0
5168,0.02
5169,0.0
5170,0.04
5171,0.03
5172,0.0
5173,0.05
5174,0.05
5175,0.08
5176,0.02
5177,0.01
5178,0.04
5179,0.09
5180,0.01
5181,0.0
5182,0.01
5183,0.03
5184,0.02
5185,0.0
5186,0.06
5187,0.02
5188,0.02
5189,0.02
5190,0.03
5191,0.11
5192,0.04
5193,0.0
5194,0.07
5195,0.01
5196,0.03
5197,0.03
5198,0.04
5199,0.13
5200,0.0
5201,0.0
5202,0.03
5203,0.01
5204,0.1
5205,0.23
5206,0.72
5207,0.06
5208,0.0
5209,0.03
5210,0.15
5211,0.05
5212,0.04
5213,0.05
5214,0.05
5215,0.0
5216,0.02
5217,0.09
5218,0.17
5219,0.05
5220,0.28
5221,0.0
5222,0.1
5223,0.01
5224,0.1
5225,0.0
5226,0.0
5227,0.11
5228,0.01
5229,0.31
5230,0.03
5231,0.03
5232,0.01
5233,0.03
5234,0.04
5235,0.0
5236,0.01
5237,0.07
5238,0.0
5239,0.01
5240,0.04
5241,0.0
5242,0.02
5243,0.02
5244,0.0
5245,0.14
5246,0.0
5247,0.03
5248,0.19
5249,0.01
5250,0.03
5251,0.04
5252,0.02
5253,0.16
5254,0.19
5255,0.0
5256,0.09
5257,0.04
5258,0.0
5259,0.04
5260,0.03
5261,0.02
5262,0.23
5263,0.0
5264,0.01
5265,0.0
5266,0.13
5267,0.0
5268,0.82
5269,0.08
5270,0.03
5271,0.33
5272,0.0
5273,0.04
5274,0.52
5275,0.09
5276,0.02
5277,0.04
5278,0.03
5279,0.0
5280,0.0
5281,0.0
5282,0.14
5283,0.0
5284,0.01
5285,0.03
5286,0.02
5287,0.04
5288,0.0
5289,0.54
5290,0.33
5291,0.0
5292,0.0
5293,0.0
5294,0.12
5295,0.0
5296,0.0
5297,0.0
5298,0.06
5299,0.01
5300,0.0
5301,0.0
5302,0.0
5303,0.05
5304,0.0
5305,0.0
5306,0.04
5307,0.05
5308,0.01
5309,0.0
5310,0.0
5311,0.02
5312,0.02
5313,0.05
5314,0.14
5315,0.05
5316,0.02
5317,0.01
5318,0.09
5319,0.02
5320,0.07
5321,0.08
5322,0.06
5323,0.01
5324,0.03
5325,0.02
5326,0.1
5327,0.02
5328,0.0
5329,0.01
5330,0.0
5331,0.04
5332,0.02
5333,0.03
5334,0.01
5335,0.04
5336,0.01
5337,0.0
5338,0.02
5339,0.04
5340,0.02
5341,0.0
5342,0.0
5343,0.06
5344,0.04
5345,0.08
5346,0.01
5347,0.0
5348,0.1
5349,0.09
5350,0.05
5351,0.05
5352,0.04
5353,0.35
5354,0.01
5355,0.19
5356,0.02
5357,0.01
5358,0.05
5359,0.0
5360,0.0
5361,0.01
5362,0.83
5363,0.0
5364,0.01
5365,0.03
5366,0.09
5367,0.03
5368,0.02
5369,0.03
5370,0.03
5371,0.01
5372,0.06
5373,0.1
5374,0.28
5375,0.03
5376,0.04
5377,0.02
5378,0.04
5379,0.38
5380,0.05
5381,0.0
5382,0.04
5383,0.05
5384,0.0
5385,0.0
5386,0.15
5387,0.08
5388,0.05
5389,0.02
5390,0.02
5391,0.01
5392,0.02
5393,0.09
5394,0.01
5395,0.05
5396,0.03
5397,0.01
5398,0.03
5399,0.01
5400,0.03
5401,0.03
5402,0.01
5403,0.0
5404,0.11
5405,0.24
5406,0.03
5407,0.03
5408,0.01
5409,0.09
5410,0.01
5411,0.11
5412,0.0
5413,0.0
5414,0.02
5415,0.0
5416,0.0
5417,0.0
5418,0.13
5419,0.04
5420,0.0
5421,0.01
5422,0.0
5423,0.01
5424,0.04
5425,0.0
5426,0.15
5427,0.01
5428,0.01
5429,0.03
5430,0.02
5431,0.0
5432,0.01
5433,0.03
5434,0.01
5435,0.0
5436,0.0
5437,0.0
5438,0.02
5439,0.04
5440,0.01
5441,0.01
5442,0.02
5443,0.01
5444,0.01
5445,0.0
5446,0.15
5447,0.0
5448,0.14
5449,0.01
5450,0.0
5451,0.0
5452,0.09
5453,0.0
5454,0.09
5455,0.04
5456,0.0
5457,0.01
5458,0.0
5459,0.02
5460,0.03
5461,0.02
5462,0.01
5463,0.05
5464,0.0
5465,0.07
5466,0.0
5467,0.01
5468,0.01
5469,0.0
5470,0.0
5471,0.06
5472,0.08
5473,0.03
5474,0.0
5475,0.01
5476,0.03
5477,0.1
5478,0.02
5479,0.0
5480,0.17
5481,0.0
5482,0.0
5483,0.01
5484,0.0
5485,0.49
5486,0.08
5487,0.02
5488,0.0
5489,0.08
5490,0.05
5491,0.0
5492,0.0
5493,0.0
5494,0.01
5495,0.18
5496,0.0
5497,0.06
5498,0.03
5499,0.0
5500,0.0
5501,0.05
5502,0.08
5503,0.01
5504,0.0
5505,0.0
5506,0.02
5507,0.05
5508,0.06
5509,0.01
5510,0.0
5511,0.04
5512,0.1
5513,0.02
5514,0.03
5515,0.02
5516,0.0
5517,0.02
5518,0.0
5519,0.02
5520,0.03
5521,0.0
5522,0.04
5523,0.01
5524,0.03
5525,0.05
5526,0.5
5527,0.07
5528,0.03
5529,0.0
5530,0.0
5531,0.02
5532,0.01
5533,0.69
5534,0.0
5535,0.0
5536,0.02
5537,0.0
5538,0.0
5539,0.24
5540,0.0
5541,0.01
5542,0.09
5543,0.0
5544,0.03
5545,0.0
5546,0.07
5547,0.0
5548,0.0
5549,0.03
5550,0.0
5551,0.05
5552,0.01
5553,0.02
5554,0.0
5555,0.01
5556,0.02
5557,0.0
5558,0.07
5559,0.0
5560,0.0
5561,0.06
5562,0.03
5563,0.02
5564,0.0
5565,0.0
5566,0.09
5567,0.01
5568,0.02
5569,0.0
5570,0.0
5571,0.01
5572,0.39
5573,0.03
5574,0.02
5575,0.02
5576,0.0
5577,0.01
5578,0.06
5579,0.08
5580,0.0
5581,0.0
5582,0.05
5583,0.0
5584,0.01
5585,0.09
5586,0.04
5587,0.01
5588,0.0
5589,0.0
5590,0.05
5591,0.09
5592,0.0
5593,0.0
5594,0.0
5595,0.02
5596,0.03
5597,0.05
5598,0.0
5599,0.03
5600,0.0
5601,0.0
5602,0.0
5603,0.0
5604,0.01
5605,0.01
5606,0.02
5607,0.01
5608,0.21
5609,0.06
5610,0.0
5611,0.02
5612,0.0
5613,0.03
5614,0.0
5615,0.06
5616,0.04
5617,0.0
5618,0.01
5619,0.05
5620,0.0
5621,0.07
5622,0.0
5623,0.06
5624,0.01
5625,0.0
5626,0.01
5627,0.12
5628,0.01
5629,0.01
5630,0.02
5631,0.01
5632,0.0
5633,0.14
5634,0.02
5635,0.0
5636,0.0
5637,0.0
5638,0.0
5639,0.07
5640,0.01
5641,0.06
5642,0.02
5643,0.01
5644,0.0
5645,0.1
5646,0.0
5647,0.1
5648,0.05
5649,0.01
5650,0.01
5651,0.74
5652,0.0
5653,0.01
5654,0.04
5655,0.01
5656,0.01
5657,0.01
5658,0.0
5659,0.0
5660,0.02
5661,0.0
5662,0.0
5663,0.0
5664,0.04
5665,0.59
5666,0.0
5667,0.13
5668,0.02
5669,0.0
5670,0.01
5671,0.0
5672,0.0
5673,0.0
5674,0.02
5675,0.04
5676,0.04
5677,0.01
5678,0.02
5679,0.04
5680,0.03
5681,0.01
5682,0.0
5683,0.0
5684,0.38
5685,0.01
5686,0.07
5687,0.08
5688,0.11
5689,0.0
5690,0.02
5691,0.01
5692,0.07
5693,0.0
5694,0.03
5695,0.0
5696,0.02
5697,0.0
5698,0.01
5699,0.05
5700,0.0
5701,0.0
5702,0.0
5703,0.12
5704,0.04
5705,0.08
5706,0.04
5707,0.02
5708,0.01
5709,0.01
5710,0.0
5711,0.05
5712,0.18
5713,0.05
5714,0.0
5715,0.02
5716,0.13
5717,0.0
5718,0.01
5719,0.03
5720,0.02
5721,0.0
5722,0.05
5723,0.02
5724,0.0
5725,0.0
5726,0.02
5727,0.0
5728,0.0
5729,0.0
5730,0.01
5731,0.06
5732,0.01
5733,0.01
5734,0.04
5735,0.0
5736,0.2
5737,0.05
5738,0.0
5739,0.0
5740,0.01
5741,0.04
5742,0.02
5743,0.0
5744,0.0
5745,0.31
5746,0.01
5747,0.01
5748,0.01
5749,0.01
5750,0.01
5751,0.02
5752,0.01
5753,0.15
5754,0.01
5755,0.05
5756,0.0
5757,0.04
5758,0.0
5759,0.5
5760,0.01
5761,0.02
5762,0.18
5763,0.0
5764,0.05
5765,0.02
5766,0.03
5767,0.0
5768,0.08
5769,0.34
5770,0.0
5771,0.06
5772,0.19
5773,0.01
5774,0.01
5775,0.04
5776,0.0
5777,0.0
5778,0.0
5779,0.0
5780,0.0
5781,0.02
5782,0.15
5783,0.2
5784,0.0
5785,0.18
5786,0.01
5787,0.01
5788,0.01
5789,0.0
5790,0.0
5791,0.02
5792,0.0
5793,0.19
5794,0.0
5795,0.0
5796,0.11
5797,0.06
5798,0.0
5799,0.02
5800,0.02
5801,0.03
5802,0.12
5803,0.0
5804,0.01
5805,0.01
5806,0.0
5807,0.01
5808,0.06
5809,0.06
5810,0.05
5811,0.01
5812,0.0
5813,0.03
5814,0.07
5815,0.01
5816,0.01
5817,0.02
5818,0.0
5819,0.02
5820,0.0
5821,0.32
5822,0.06
5823,0.02
5824,0.02
5825,0.03
5826,0.0
5827,0.04
5828,0.01
5829,0.05
5830,0.0
5831,0.0
5832,0.07
5833,0.0
5834,0.0
5835,0.02
5836,0.01
5837,0.0
5838,0.03
5839,0.01
5840,0.02
5841,0.06
5842,0.01
5843,0.01
5844,0.09
5845,0.25
5846,0.14
5847,0.0
5848,0.17
5849,0.02
5850,0.0
5851,0.0
5852,0.01
5853,0.09
5854,0.02
5855,0.0
5856,0.0
5857,0.6
5858,0.03
5859,0.02
5860,0.08
5861,0.01
5862,0.21
5863,0.0
5864,0.0
5865,0.01
5866,0.0
5867,0.03
5868,0.0
5869,0.01
5870,0.03
5871,0.04
5872,0.01
5873,0.0
5874,0.03
5875,0.05
5876,0.0
5877,0.09
5878,0.0
5879,0.0
5880,0.09
5881,0.01
5882,0.01
5883,0.04
5884,0.1
5885,0.01
5886,0.0
5887,0.02
5888,0.05
5889,0.01
5890,0.01
5891,0.0
5892,0.01
5893,0.01
5894,0.0
5895,0.05
5896,0.02
5897,0.0
5898,0.0
5899,0.0
5900,0.0
5901,0.0
5902,0.01
5903,0.12
5904,0.32
5905,0.1
5906,0.34
5907,0.48
5908,0.02
5909,0.0
5910,0.01
5911,0.0
5912,0.0
5913,0.01
5914,0.0
5915,0.0
5916,0.02
5917,0.02
5918,0.0
5919,0.0
5920,0.01
5921,0.02
5922,0.04
5923,0.0
5924,0.01
5925,0.02
5926,0.7
5927,0.0
5928,0.03
5929,0.0
5930,0.0
5931,0.0
5932,0.18
5933,0.09
5934,0.01
5935,0.04
5936,0.0
5937,0.01
5938,0.01
5939,0.01
5940,0.0
5941,0.02
5942,0.0
5943,0.08
5944,0.06
5945,0.0
5946,0.0
5947,0.05
5948,0.05
5949,0.0
5950,0.03
5951,0.02
5952,0.01
5953,0.04
5954,0.04
5955,0.12
5956,0.08
5957,0.0
5958,0.06
5959,0.14
5960,0.03
5961,0.0
5962,0.02
5963,0.0
5964,0.0
5965,0.0
5966,0.01
5967,0.02
5968,0.01
5969,0.01
5970,0.0
5971,0.02
5972,0.03
5973,0.1
5974,0.01
5975,0.42
5976,0.2
5977,0.0
5978,0.08
5979,0.0
5980,0.26
5981,0.02
5982,0.14
5983,0.01
5984,0.08
5985,0.15
5986,0.02
5987,0.0
5988,0.05
5989,0.03
5990,0.07
5991,0.02
5992,0.02
5993,0.29
5994,0.08
5995,0.02
5996,0.03
5997,0.0
5998,0.02
5999,0.0
6000,0.02
6001,0.0
6002,0.03
6003,0.02
6004,0.01
6005,0.02
6006,0.0
6007,0.01
6008,0.06
6009,0.06
6010,0.0
6011,0.01
6012,0.17
6013,0.0
6014,0.0
6015,0.02
6016,0.0
6017,0.05
6018,0.02
6019,0.08
6020,0.01
6021,0.03
6022,0.0
6023,0.01
6024,0.0
6025,0.0
6026,0.08
6027,0.02
6028,0.04
6029,0.02
6030,0.0
6031,0.02
6032,0.17
6033,0.1
6034,0.02
6035,0.0
6036,0.02
6037,0.05
6038,0.04
6039,0.01
6040,0.03
6041,0.05
6042,0.01
6043,0.0
6044,0.01
6045,0.02
6046,0.02
6047,0.01
6048,0.0
6049,0.0
6050,0.0
6051,0.0
6052,0.01
6053,0.08
6054,0.0
6055,0.03
6056,0.24
6057,0.05
6058,0.0
6059,0.01
6060,0.04
6061,0.01
6062,0.04
6063,0.09
6064,0.06
6065,0.05
6066,0.03
6067,0.1
6068,0.25
6069,0.7
6070,0.85
6071,0.02
6072,0.08
6073,0.03
6074,0.06
6075,0.0
6076,0.02
6077,0.0
6078,0.01
6079,0.0
6080,0.0
6081,0.01
6082,0.0
6083,0.28
6084,0.03
6085,0.12
6086,0.0
6087,0.0
6088,0.32
6089,0.06
6090,0.05
6091,0.06
6092,0.68
6093,0.45
6094,0.02
6095,0.04
6096,0.0
6097,0.02
6098,0.01
6099,0.0
6100,0.0
6101,0.11
6102,0.01
6103,0.03
6104,0.0
6105,0.0
6106,0.02
6107,0.0
6108,0.05
6109,0.0
6110,0.03
6111,0.0
6112,0.06
6113,0.0
6114,0.09
6115,0.02
6116,0.03
6117,0.11
6118,0.03
6119,0.02
6120,0.03
6121,0.05
6122,0.0
6123,0.02
6124,0.09
6125,0.01
6126,0.02
6127,0.02
6128,0.01
6129,0.22
6130,0.02
6131,0.03
6132,0.12
6133,0.05
6134,0.04
6135,0.02
6136,0.02
6137,0.05
6138,0.05
6139,0.12
6140,0.02
6141,0.01
6142,0.01
6143,0.0
6144,0.0
6145,0.14
6146,0.02
6147,0.01
6148,0.03
6149,0.01
6150,0.0
6151,0.01
6152,0.2
6153,0.01
6154,0.0
6155,0.0
6156,0.0
6157,0.0
6158,0.0
6159,0.08
6160,0.07
6161,0.0
6162,0.0
6163,0.0
6164,0.06
6165,0.0
6166,0.0
6167,0.72
6168,0.0
6169,0.02
6170,0.09
6171,0.0
6172,0.23
6173,0.0
6174,0.03
6175,0.02
6176,0.23
6177,0.05
6178,0.39
6179,0.25
6180,0.0
6181,0.0
6182,0.0
6183,0.03
6184,0.03
6185,0.0
6186,0.0
6187,0.33
6188,0.02
6189,0.24
6190,0.0
6191,0.0
6192,0.04
6193,0.09
6194,0.09
6195,0.0
6196,0.0
6197,0.0
6198,0.0
6199,0.01
6200,0.01
6201,0.0
6202,0.06
6203,0.02
6204,0.08
6205,0.01
6206,0.24
6207,0.01
6208,0.0
6209,0.35
6210,0.0
6211,0.05
6212,0.02
6213,0.0
6214,0.0
6215,0.0
6216,0.01
6217,0.0
6218,0.0
6219,0.0
6220,0.03
6221,0.0
6222,0.02
6223,0.08
6224,0.09
6225,0.01
6226,0.0
6227,0.06
6228,0.0
6229,0.05
6230,0.01
6231,0.17
6232,0.06
6233,0.0
6234,0.0
6235,0.01
6236,0.02
6237,0.03
6238,0.01
6239,0.0
6240,0.09
6241,0.04
6242,0.03
6243,0.04
6244,0.02
6245,0.01
6246,0.0
6247,0.0
6248,0.19
6249,0.0
6250,0.02
6251,0.02
6252,0.0
6253,0.04
6254,0.02
6255,0.01
6256,0.0
6257,0.0
6258,0.01
6259,0.08
6260,0.07
6261,0.0
6262,0.06
6263,0.02
6264,0.02
6265,0.02
6266,0.02
6267,0.01
6268,0.1
6269,0.07
6270,0.02
6271,0.7
6272,0.01
6273,0.01
6274,0.01
6275,0.11
6276,0.01
6277,0.04
6278,0.03
6279,0.01
6280,0.01
6281,0.01
6282,0.01
6283,0.0
6284,0.02
6285,0.66
6286,0.0
6287,0.0
6288,0.07
6289,0.49
6290,0.0
6291,0.41
6292,0.0
6293,0.02
6294,0.0
6295,0.02
6296,0.01
6297,0.1
6298,0.0
6299,0.01
6300,0.03
6301,0.01
6302,0.02
6303,0.01
6304,0.01
6305,0.02
6306,0.05
6307,0.87
6308,0.0
6309,0.0
6310,0.01
6311,0.02
6312,0.09
6313,0.06
6314,0.0
6315,0.05
6316,0.0
6317,0.0
6318,0.01
6319,0.05
6320,0.1
6321,0.01
6322,0.05
6323,0.01
6324,0.0
6325,0.0
6326,0.01
6327,0.0
6328,0.08
6329,0.05
6330,0.02
6331,0.03
6332,0.08
6333,0.0
6334,0.01
6335,0.02
6336,0.07
6337,0.0
6338,0.01
6339,0.02
6340,0.0
6341,0.06
6342,0.37
6343,0.02
6344,0.09
6345,0.1
6346,0.0
6347,0.0
6348,0.05
6349,0.05
6350,0.02
6351,0.01
6352,0.0
6353,0.01
6354,0.0
6355,0.07
6356,0.0
6357,0.0
6358,0.0
6359,0.04
6360,0.01
6361,0.12
6362,0.0
6363,0.01
6364,0.62
6365,0.0
6366,0.0
6367,0.01
6368,0.01
6369,0.13
6370,0.0
6371,0.05
6372,0.05
6373,0.0
6374,0.03
6375,0.01
6376,0.05
6377,0.02
6378,0.18
6379,0.09
6380,0.01
6381,0.02
6382,0.07
6383,0.04
6384,0.02
6385,0.0
6386,0.01
6387,0.29
6388,0.02
6389,0.07
6390,0.01
6391,0.12
6392,0.04
6393,0.0
6394,0.0
6395,0.0
6396,0.08
6397,0.0
6398,0.03
6399,0.09
6400,0.09
6401,0.04
6402,0.07
6403,0.03
6404,0.05
6405,0.0
6406,0.02
6407,0.02
6408,0.02
6409,0.0
6410,0.02
6411,0.04
6412,0.02
6413,0.0
6414,0.01
6415,0.0
6416,0.0
6417,0.04
6418,0.27
6419,0.06
6420,0.01
6421,0.05
6422,0.0
6423,0.07
6424,0.01
6425,0.0
6426,0.06
6427,0.01
6428,0.0
6429,0.0
6430,0.01
6431,0.27
6432,0.01
6433,0.02
6434,0.0
6435,0.17
6436,0.08
6437,0.05
6438,0.03
6439,0.32
6440,0.03
6441,0.0
6442,0.06
6443,0.03
6444,0.0
6445,0.03
6446,0.01
6447,0.04
6448,0.01
6449,0.02
6450,0.04
6451,0.07
6452,0.0
6453,0.01
6454,0.02
6455,0.04
6456,0.03
6457,0.02
6458,0.01
6459,0.05
6460,0.02
6461,0.0
6462,0.03
6463,0.01
6464,0.02
6465,0.01
6466,0.03
6467,0.0
6468,0.03
6469,0.01
6470,0.0
6471,0.0
6472,0.0
6473,0.0
6474,0.01
6475,0.0
6476,0.01
6477,0.16
6478,0.0
6479,0.01
6480,0.03
6481,0.24
6482,0.01
6483,0.05
6484,0.01
6485,0.02
6486,0.01
6487,0.24
6488,0.02
6489,0.08
6490,0.02
6491,0.03
6492,0.02
6493,0.02
6494,0.0
6495,0.02
6496,0.0
6497,0.09
6498,0.02
6499,0.01
6500,0.03
6501,0.03
6502,0.02
6503,0.0
6504,0.03
6505,0.02
6506,0.26
6507,0.0
6508,0.09
6509,0.05
6510,0.2
6511,0.0
6512,0.0
6513,0.0
6514,0.03
6515,0.0
6516,0.0
6517,0.0
6518,0.48
6519,0.0
6520,0.86
6521,0.73
6522,0.38
6523,0.01
6524,0.02
6525,0.0
6526,0.02
6527,0.02
6528,0.0
6529,0.0
6530,0.01
6531,0.08
6532,0.0
6533,0.02
6534,0.02
6535,0.01
6536,0.14
6537,0.0
6538,0.01
6539,0.04
6540,0.14
6541,0.11
6542,0.0
6543,0.0
6544,0.01
6545,0.1
6546,0.01
6547,0.01
6548,0.02
6549,0.09
6550,0.08
6551,0.01
6552,0.0
6553,0.02
6554,0.02
6555,0.1
6556,0.0
6557,0.02
6558,0.05
6559,0.04
6560,0.02
6561,0.02
6562,0.1
6563,0.0
6564,0.0
6565,0.0
6566,0.01
6567,0.02
6568,0.0
6569,0.03
6570,0.07
6571,0.01
6572,0.01
6573,0.08
6574,0.03
6575,0.0
6576,0.0
6577,0.13
6578,0.07
6579,0.04
6580,0.03
6581,0.46
6582,0.01
6583,0.0
6584,0.04
6585,0.1
6586,0.0
6587,0.0
6588,0.0
6589,0.06
6590,0.0
6591,0.64
6592,0.1
6593,0.0
6594,0.01
6595,0.0
6596,0.0
6597,0.02
6598,0.03
6599,0.01
6600,0.01
6601,0.0
6602,0.05
6603,0.01
6604,0.01
6605,0.61
6606,0.01
6607,0.05
6608,0.01
6609,0.02
6610,0.0
6611,0.09
6612,0.03
6613,0.02
6614,0.07
6615,0.01
6616,0.0
6617,0.02
6618,0.01
6619,0.0
6620,0.0
6621,0.0
6622,0.0
6623,0.01
6624,0.01
6625,0.01
6626,0.0
6627,0.0
6628,0.01
6629,0.01
6630,0.0
6631,0.01
6632,0.0
6633,0.03
6634,0.0
6635,0.01
6636,0.07
6637,0.01
6638,0.09
6639,0.02
6640,0.18
6641,0.04
6642,0.0
6643,0.0
6644,0.15
6645,0.0
6646,0.01
6647,0.0
6648,0.01
6649,0.03
6650,0.06
6651,0.01
6652,0.03
6653,0.0
6654,0.05
6655,0.15
6656,0.01
6657,0.19
6658,0.0
6659,0.01
6660,0.02
6661,0.02
6662,0.03
6663,0.0
6664,0.0
6665,0.03
6666,0.01
6667,0.04
6668,0.0
6669,0.06
6670,0.02
6671,0.01
6672,0.0
6673,0.02
6674,0.09
6675,0.0
6676,0.42
6677,0.02
6678,0.0
6679,0.02
6680,0.02
6681,0.04
6682,0.01
6683,0.02
6684,0.05
6685,0.06
6686,0.19
6687,0.02
6688,0.0
6689,0.03
6690,0.04
6691,0.06
6692,0.03
6693,0.0
6694,0.0
6695,0.0
6696,0.0
6697,0.03
6698,0.03
6699,0.02
6700,0.03
6701,0.01
6702,0.07
6703,0.11
6704,0.14
6705,0.14
6706,0.0
6707,0.06
6708,0.01
6709,0.03
6710,0.0
6711,0.01
6712,0.0
6713,0.0
6714,0.0
6715,0.03
6716,0.32
6717,0.0
6718,0.0
6719,0.0
6720,0.05
6721,0.09
6722,0.0
6723,0.01
6724,0.0
6725,0.07
6726,0.0
6727,0.07
6728,0.0
6729,0.1
6730,0.16
6731,0.0
6732,0.01
6733,0.01
6734,0.03
6735,0.04
6736,0.11
6737,0.05
6738,0.0
6739,0.0
6740,0.31
6741,0.07
6742,0.02
6743,0.0
6744,0.0
6745,0.09
6746,0.0
6747,0.05
6748,0.02
6749,0.0
6750,0.08
6751,0.45
6752,0.22
6753,0.03
6754,0.78
6755,0.0
6756,0.06
6757,0.0
6758,0.0
6759,0.08
6760,0.03
6761,0.0
6762,0.0
6763,0.01
6764,0.21
6765,0.14
6766,0.23
6767,0.23
6768,0.0
6769,0.02
6770,0.04
6771,0.02
6772,0.03
6773,0.05
6774,0.0
6775,0.0
6776,0.1
6777,0.0
6778,0.0
6779,0.01
6780,0.09
6781,0.0
6782,0.0
6783,0.03
6784,0.0
6785,0.04
6786,0.01
6787,0.06
6788,0.03
6789,0.0
6790,0.61
6791,0.01
6792,0.0
6793,0.01
6794,0.01
6795,0.0
6796,0.0
6797,0.0
6798,0.0
6799,0.05
6800,0.07
6801,0.02
6802,0.0
6803,0.01
6804,0.11
6805,0.0
6806,0.08
6807,0.03
6808,0.01
6809,0.0
6810,0.13
6811,0.12
6812,0.0
6813,0.04
6814,0.02
6815,0.05
6816,0.0
6817,0.0
6818,0.03
6819,0.04
6820,0.04
6821,0.01
6822,0.0
6823,0.03
6824,0.0
6825,0.0
6826,0.04
6827,0.04
6828,0.02
6829,0.06
6830,0.0
6831,0.0
6832,0.12
6833,0.03
6834,0.02
6835,0.01
6836,0.0
6837,0.02
6838,0.0
6839,0.05
6840,0.08
6841,0.03
6842,0.01
6843,0.0
6844,0.03
6845,0.0
6846,0.04
6847,0.0
6848,0.05
6849,0.01
6850,0.07
6851,0.01
6852,0.2
6853,0.05
6854,0.0
6855,0.0
6856,0.07
6857,0.05
6858,0.02
6859,0.01
6860,0.22
6861,0.0
6862,0.0
6863,0.01
6864,0.01
6865,0.14
6866,0.28
6867,0.0
6868,0.0
6869,0.15
6870,0.03
6871,0.03
6872,0.0
6873,0.02
6874,0.09
6875,0.08
6876,0.0
6877,0.0
6878,0.01
6879,0.04
6880,0.12
6881,0.01
6882,0.06
6883,0.03
6884,0.11
6885,0.07
6886,0.0
6887,0.37
6888,0.04
6889,0.02
6890,0.0
6891,0.0
6892,0.01
6893,0.02
6894,0.02
6895,0.08
6896,0.02
6897,0.02
6898,0.01
6899,0.0
6900,0.0
6901,0.03
6902,0.02
6903,0.06
6904,0.0
6905,0.3
6906,0.01
6907,0.0
6908,0.77
6909,0.02
6910,0.0
6911,0.0
6912,0.0
6913,0.07
6914,0.01
6915,0.07
6916,0.06
6917,0.09
6918,0.04
6919,0.74
6920,0.0
6921,0.02
6922,0.05
6923,0.0
6924,0.04
6925,0.0
6926,0.01
6927,0.16
6928,0.02
6929,0.01
6930,0.03
6931,0.0
6932,0.03
6933,0.07
6934,0.01
6935,0.16
6936,0.17
6937,0.05
6938,0.0
6939,0.03
6940,0.05
6941,0.23
6942,0.66
6943,0.0
6944,0.01
6945,0.02
6946,0.02
6947,0.0
6948,0.04
6949,0.0
6950,0.01
6951,0.0
6952,0.01
6953,0.19
6954,0.01
6955,0.0
6956,0.01
6957,0.0
6958,0.04
6959,0.03
6960,0.0
6961,0.04
6962,0.0
6963,0.07
6964,0.01
6965,0.02
6966,0.18
6967,0.09
6968,0.03
6969,0.0
6970,0.05
6971,0.03
6972,0.0
6973,0.0
6974,0.05
6975,0.05
6976,0.02
6977,0.05
6978,0.02
6979,0.0
6980,0.03
6981,0.01
6982,0.21
6983,0.02
6984,0.0
6985,0.55
6986,0.01
6987,0.01
6988,0.04
6989,0.01
6990,0.03
6991,0.03
6992,0.01
6993,0.12
6994,0.17
6995,0.09
6996,0.03
6997,0.0
6998,0.01
6999,0.08
7000,0.13
7001,0.05
7002,0.02
7003,0.14
7004,0.31
7005,0.01
7006,0.02
7007,0.0
7008,0.18
7009,0.0
7010,0.01
7011,0.0
7012,0.35
7013,0.0
7014,0.0
7015,0.0
7016,0.02
7017,0.81
7018,0.0
7019,0.0
7020,0.0
7021,0.02
7022,0.29
7023,0.0
7024,0.03
7025,0.0
7026,0.07
7027,0.06
7028,0.04
7029,0.07
7030,0.04
7031,0.0
7032,0.05
7033,0.0
7034,0.0
7035,0.0
7036,0.05
7037,0.07
7038,0.0
7039,0.02
7040,0.0
7041,0.07
7042,0.01
7043,0.04
7044,0.0
7045,0.17
7046,0.0
7047,0.0
7048,0.1
7049,0.05
7050,0.07
7051,0.0
7052,0.18
7053,0.04
7054,0.0
7055,0.0
7056,0.07
7057,0.0
7058,0.0
7059,0.03
7060,0.44
7061,0.7
7062,0.02
7063,0.01
7064,0.01
7065,0.0
7066,0.0
7067,0.0
7068,0.24
7069,0.05
7070,0.0
7071,0.01
7072,0.07
7073,0.02
7074,0.01
7075,0.0
7076,0.02
7077,0.0
7078,0.0
7079,0.0
7080,0.08
7081,0.0
7082,0.0
7083,0.02
7084,0.1
7085,0.09
7086,0.02
7087,0.04
7088,0.01
7089,0.0
7090,0.08
7091,0.01
7092,0.03
7093,0.61
7094,0.0
7095,0.0
7096,0.0
7097,0.0
7098,0.24
7099,0.0
7100,0.04
7101,0.01
7102,0.0
7103,0.1
7104,0.0
7105,0.04
7106,0.01
7107,0.0
7108,0.02
7109,0.03
7110,0.08
7111,0.0
7112,0.0
7113,0.04
7114,0.03
7115,0.0
7116,0.27
7117,0.05
7118,0.0
7119,0.01
7120,0.0
7121,0.04
7122,0.0
7123,0.0
7124,0.17
7125,0.02
7126,0.0
7127,0.0
7128,0.07
7129,0.0
7130,0.03
7131,0.25
7132,0.04
7133,0.08
7134,0.02
7135,0.01
7136,0.0
7137,0.0
7138,0.0
7139,0.06
7140,0.04
7141,0.28
7142,0.04
7143,0.04
7144,0.0
7145,0.0
7146,0.07
7147,0.0
7148,0.06
7149,0.05
7150,0.0
7151,0.08
7152,0.0
7153,0.12
7154,0.01
7155,0.08
7156,0.0
7157,0.11
7158,0.14
7159,0.0
7160,0.0
7161,0.03
7162,0.0
7163,0.1
7164,0.0
7165,0.12
7166,0.01
7167,0.01
7168,0.04
7169,0.01
7170,0.04
7171,0.01
7172,0.05
7173,0.46
7174,0.0
7175,0.09
7176,0.0
7177,0.03
7178,0.0
7179,0.0
7180,0.01
7181,0.09
7182,0.0
7183,0.14
7184,0.01
7185,0.06
7186,0.18
7187,0.0
7188,0.05
7189,0.0
7190,0.02
7191,0.06
7192,0.01
7193,0.03
7194,0.02
7195,0.01
7196,0.01
7197,0.07
7198,0.04
7199,0.01
7200,0.0
7201,0.05
7202,0.01
7203,0.0
7204,0.22
7205,0.01
7206,0.01
7207,0.0
7208,0.0
7209,0.01
7210,0.04
7211,0.01
7212,0.02
7213,0.04
7214,0.0
7215,0.02
7216,0.02
7217,0.07
7218,0.02
7219,0.0
7220,0.08
7221,0.0
7222,0.02
7223,0.05
7224,0.01
7225,0.04
7226,0.39
7227,0.0
7228,0.02
7229,0.0
7230,0.03
7231,0.0
7232,0.01
7233,0.05
7234,0.0
7235,0.01
7236,0.0
7237,0.03
7238,0.05
7239,0.06
7240,0.01
7241,0.04
7242,0.02
7243,0.03
7244,0.01
7245,0.0
7246,0.04
7247,0.09
7248,0.0
7249,0.0
7250,0.01
7251,0.08
7252,0.03
7253,0.01
7254,0.02
7255,0.03
7256,0.19
7257,0.01
7258,0.01
7259,0.06
7260,0.03
7261,0.0
7262,0.0
7263,0.59
7264,0.02
7265,0.03
7266,0.29
7267,0.08
7268,0.01
7269,0.03
7270,0.01
7271,0.0
7272,0.01
7273,0.0
7274,0.02
7275,0.0
7276,0.0
7277,0.04
7278,0.01
7279,0.0
7280,0.0
7281,0.0
7282,0.34
7283,0.01
7284,0.0
7285,0.0
7286,0.01
7287,0.03
7288,0.04
7289,0.06
7290,0.13
7291,0.02
7292,0.02
7293,0.01
7294,0.0
7295,0.03
7296,0.04
7297,0.04
7298,0.01
7299,0.08
7300,0.05
7301,0.0
7302,0.0
7303,0.03
7304,0.0
7305,0.0
7306,0.0
7307,0.01
7308,0.04
7309,0.04
7310,0.02
7311,0.05
7312,0.08
7313,0.03
7314,0.01
7315,0.0
7316,0.01
7317,0.0
7318,0.01
7319,0.01
7320,0.01
7321,0.15
7322,0.04
7323,0.01
7324,0.0
7325,0.0
7326,0.03
7327,0.02
7328,0.04
7329,0.05
7330,0.03
7331,0.14
7332,0.01
7333,0.02
7334,0.02
7335,0.17
7336,0.17
7337,0.03
7338,0.23
7339,0.03
7340,0.01
7341,0.04
7342,0.05
7343,0.02
7344,0.05
7345,0.11
7346,0.03
7347,0.7
7348,0.22
7349,0.01
7350,0.0
7351,0.01
7352,0.01
7353,0.0
7354,0.05
7355,0.01
7356,0.09
7357,0.01
7358,0.0
7359,0.03
7360,0.0
7361,0.0
7362,0.01
7363,0.03
7364,0.0
7365,0.0
7366,0.0
7367,0.02
7368,0.02
7369,0.04
7370,0.05
7371,0.0
7372,0.06
7373,0.01
7374,0.3
7375,0.02
7376,0.01
7377,0.39
7378,0.0
7379,0.12
7380,0.02
7381,0.0
7382,0.06
7383,0.04
7384,0.01
7385,0.0
7386,0.0
7387,0.35
7388,0.08
7389,0.0
7390,0.03
7391,0.06
7392,0.02
7393,0.01
7394,0.0
7395,0.02
7396,0.07
7397,0.05
7398,0.0
7399,0.01
7400,0.01
7401,0.02
7402,0.11
7403,0.04
7404,0.0
7405,0.15
7406,0.02
7407,0.0
7408,0.19
7409,0.04
7410,0.03
7411,0.05
7412,0.08
7413,0.0
7414,0.05
7415,0.01
7416,0.0
7417,0.05
7418,0.02
7419,0.0
7420,0.1
7421,0.0
7422,0.01
7423,0.0
7424,0.15
7425,0.08
7426,0.0
7427,0.09
7428,0.12
7429,0.17
7430,0.0
7431,0.61
7432,0.0
7433,0.16
7434,0.0
7435,0.0
7436,0.0
7437,0.0
7438,0.0
7439,0.06
7440,0.01
7441,0.7
7442,0.05
7443,0.0
7444,0.0
7445,0.03
7446,0.0
7447,0.05
7448,0.14
7449,0.0
7450,0.09
7451,0.01
7452,0.01
7453,0.01
7454,0.05
7455,0.0
7456,0.03
7457,0.0
7458,0.0
7459,0.0
7460,0.48
7461,0.22
7462,0.01
7463,0.01
7464,0.02
7465,0.01
7466,0.0
7467,0.02
7468,0.01
7469,0.0
7470,0.05
7471,0.0
7472,0.06
7473,0.04
7474,0.08
7475,0.02
7476,0.01
7477,0.0
7478,0.0
7479,0.01
7480,0.02
7481,0.65
7482,0.03
7483,0.01
7484,0.01
7485,0.01
7486,0.03
7487,0.0
7488,0.04
7489,0.0
7490,0.0
7491,0.07
7492,0.0
7493,0.08
7494,0.0
7495,0.0
7496,0.01
7497,0.09
7498,0.0
7499,0.0
7500,0.0
7501,0.0
7502,0.01
7503,0.04
7504,0.01
7505,0.08
7506,0.0
7507,0.0
7508,0.0
7509,0.02
7510,0.0
7511,0.01
7512,0.05
7513,0.02
7514,0.09
7515,0.08
7516,0.08
7517,0.02
7518,0.01
7519,0.0
7520,0.0
7521,0.0
7522,0.06
7523,0.1
7524,0.0
7525,0.04
7526,0.01
7527,0.04
7528,0.11
7529,0.01
7530,0.05
7531,0.0
7532,0.03
7533,0.02
7534,0.01
7535,0.14
7536,0.01
7537,0.04
7538,0.02
7539,0.0
7540,0.01
7541,0.01
7542,0.09
7543,0.02
7544,0.0
7545,0.0
7546,0.01
7547,0.0
7548,0.01
7549,0.05
7550,0.16
7551,0.31
7552,0.0
7553,0.12
7554,0.05
7555,0.0
7556,0.0
7557,0.21
7558,0.04
7559,0.76
7560,0.03
7561,0.1
7562,0.03
7563,0.05
7564,0.0
7565,0.0
7566,0.01
7567,0.0
7568,0.01
7569,0.16
7570,0.02
7571,0.0
7572,0.0
7573,0.04
7574,0.11
7575,0.0
7576,0.01
7577,0.36
7578,0.13
7579,0.0
7580,0.0
7581,0.06
7582,0.0
7583,0.01
7584,0.03
7585,0.12
7586,0.09
7587,0.01
7588,0.0
7589,0.14
7590,0.23
7591,0.01
7592,0.01
7593,0.06
7594,0.01
7595,0.07
7596,0.14
7597,0.18
7598,0.0
7599,0.01
7600,0.01
7601,0.03
7602,0.01
7603,0.79
7604,0.0
7605,0.77
7606,0.01
7607,0.0
7608,0.03
7609,0.0
7610,0.0
7611,0.0
7612,0.61
7613,0.02
7614,0.01
7615,0.0
7616,0.0
7617,0.0
7618,0.39
7619,0.0
7620,0.8
7621,0.03
7622,0.04
7623,0.0
7624,0.01
7625,0.02
7626,0.0
7627,0.11
7628,0.04
7629,0.02
7630,0.04
7631,0.0
7632,0.0
7633,0.0
7634,0.01
7635,0.02
7636,0.03
7637,0.21
7638,0.01
7639,0.0
7640,0.0
7641,0.0
7642,0.08
7643,0.12
7644,0.36
7645,0.33
7646,0.45
7647,0.11
7648,0.0
7649,0.03
7650,0.04
7651,0.05
7652,0.07
7653,0.03
7654,0.01
7655,0.19
7656,0.05
7657,0.02
7658,0.0
7659,0.01
7660,0.04
7661,0.01
7662,0.0
7663,0.0
7664,0.02
7665,0.0
7666,0.01
7667,0.0
7668,0.0
7669,0.01
7670,0.02
7671,0.66
7672,0.0
7673,0.0
7674,0.02
7675,0.03
7676,0.03
7677,0.0
7678,0.0
7679,0.02
7680,0.03
7681,0.04
7682,0.35
7683,0.34
7684,0.04
7685,0.05
7686,0.0
7687,0.32
7688,0.2
7689,0.0
7690,0.02
7691,0.02
7692,0.01
7693,0.03
7694,0.0
7695,0.0
7696,0.01
7697,0.0
7698,0.0
7699,0.01
7700,0.0
7701,0.06
7702,0.01
7703,0.01
7704,0.01
7705,0.01
7706,0.03
7707,0.0
7708,0.02
7709,0.01
7710,0.04
7711,0.01
7712,0.07
7713,0.01
7714,0.06
7715,0.13
7716,0.03
7717,0.02
7718,0.58
7719,0.01
7720,0.0
7721,0.01
7722,0.04
7723,0.0
7724,0.03
7725,0.0
7726,0.0
7727,0.01
7728,0.06
7729,0.0
7730,0.0
7731,0.01
7732,0.05
7733,0.03
7734,0.0
7735,0.45
7736,0.0
7737,0.0
7738,0.01
7739,0.01
7740,0.01
7741,0.4
7742,0.04
7743,0.03
7744,0.12
7745,0.03
7746,0.06
7747,0.05
7748,0.0
7749,0.01
7750,0.01
7751,0.0
7752,0.01
7753,0.2
7754,0.01
7755,0.01
7756,0.02
7757,0.12
7758,0.09
7759,0.02
7760,0.03
7761,0.69
7762,0.02
7763,0.02
7764,0.0
7765,0.0
7766,0.0
7767,0.08
7768,0.26
7769,0.02
7770,0.03
7771,0.1
7772,0.0
7773,0.01
7774,0.0
7775,0.02
7776,0.02
7777,0.23
7778,0.01
7779,0.01
7780,0.01
7781,0.0
7782,0.01
7783,0.06
7784,0.05
7785,0.04
7786,0.01
7787,0.0
7788,0.02
7789,0.01
7790,0.05
7791,0.01
7792,0.01
7793,0.02
7794,0.01
7795,0.04
7796,0.13
7797,0.03
7798,0.11
7799,0.31
7800,0.05
7801,0.01
7802,0.0
7803,0.2
7804,0.0
7805,0.15
7806,0.05
7807,0.09
7808,0.0
7809,0.01
7810,0.14
7811,0.03
7812,0.09
7813,0.17
7814,0.0
7815,0.0
7816,0.0
7817,0.02
7818,0.0
7819,0.0
7820,0.1
7821,0.01
7822,0.0
7823,0.08
7824,0.01
7825,0.02
7826,0.04
7827,0.06
7828,0.1
7829,0.03
7830,0.02
7831,0.03
7832,0.05
7833,0.01
7834,0.0
7835,0.0
7836,0.0
7837,0.01
7838,0.0
7839,0.01
7840,0.0
7841,0.0
7842,0.04
7843,0.03
7844,0.0
7845,0.0
7846,0.01
7847,0.15
7848,0.01
7849,0.0
7850,0.0
7851,0.06
7852,0.01
7853,0.02
7854,0.04
7855,0.05
7856,0.52
7857,0.09
7858,0.03
7859,0.02
7860,0.0
7861,0.07
7862,0.06
7863,0.0
7864,0.16
7865,0.01
7866,0.25
7867,0.0
7868,0.79
7869,0.06
7870,0.03
7871,0.04
7872,0.0
7873,0.0
7874,0.14
7875,0.0
7876,0.12
7877,0.02
7878,0.07
7879,0.0
7880,0.18
7881,0.0
7882,0.0
7883,0.07
7884,0.0
7885,0.0
7886,0.04
7887,0.11
7888,0.02
7889,0.06
7890,0.03
7891,0.0
7892,0.0
7893,0.29
7894,0.08
7895,0.55
7896,0.03
7897,0.1
7898,0.12
7899,0.0
7900,0.17
7901,0.0
7902,0.21
7903,0.01
7904,0.04
7905,0.04
7906,0.07
7907,0.05
7908,0.0
7909,0.01
7910,0.0
7911,0.06
7912,0.64
7913,0.02
7914,0.02
7915,0.02
7916,0.0
7917,0.01
7918,0.0
7919,0.45
7920,0.0
7921,0.07
7922,0.02
7923,0.04
7924,0.02
7925,0.25
7926,0.02
7927,0.02
7928,0.0
7929,0.0
7930,0.1
7931,0.03
7932,0.55
7933,0.02
7934,0.03
7935,0.01
7936,0.04
7937,0.5
7938,0.01
7939,0.1
7940,0.03
7941,0.01
7942,0.02
7943,0.06
7944,0.08
7945,0.08
7946,0.01
7947,0.01
7948,0.0
7949,0.13
7950,0.14
7951,0.0
7952,0.0
7953,0.0
7954,0.29
7955,0.02
7956,0.54
7957,0.0
7958,0.06
7959,0.01
7960,0.01
7961,0.0
7962,0.04
7963,0.04
7964,0.38
7965,0.23
7966,0.03
7967,0.01
7968,0.64
7969,0.04
7970,0.0
7971,0.0
7972,0.07
7973,0.02
7974,0.03
7975,0.05
7976,0.69
7977,0.04
7978,0.0
7979,0.0
7980,0.0
7981,0.04
7982,0.0
7983,0.0
7984,0.04
7985,0.04
7986,0.01
7987,0.05
7988,0.03
7989,0.06
7990,0.05
7991,0.0
7992,0.01
7993,0.47
7994,0.03
7995,0.0
7996,0.01
7997,0.0
7998,0.04
7999,0.1
8000,0.05
8001,0.0
8002,0.04
8003,0.01
8004,0.0
8005,0.01
8006,0.0
8007,0.18
8008,0.02
8009,0.13
8010,0.01
8011,0.01
8012,0.07
8013,0.22
8014,0.01
8015,0.38
8016,0.0
8017,0.07
8018,0.02
8019,0.0
8020,0.02
8021,0.0
8022,0.0
8023,0.27
8024,0.0
8025,0.0
8026,0.01
8027,0.03
8028,0.09
8029,0.03
8030,0.18
8031,0.13
8032,0.0
8033,0.04
8034,0.01
8035,0.03
8036,0.03
8037,0.03
8038,0.38
8039,0.0
8040,0.02
8041,0.06
8042,0.03
8043,0.02
8044,0.08
8045,0.01
8046,0.01
8047,0.0
8048,0.01
8049,0.03
8050,0.1
8051,0.04
8052,0.89
8053,0.13
8054,0.0
8055,0.36
8056,0.0
8057,0.03
8058,0.0
8059,0.06
8060,0.01
8061,0.01
8062,0.03
8063,0.0
8064,0.03
8065,0.47
8066,0.0
8067,0.0
8068,0.0
8069,0.0
8070,0.0
8071,0.03
8072,0.31
8073,0.04
8074,0.04
8075,0.0
8076,0.02
8077,0.08
8078,0.04
8079,0.0
8080,0.04
8081,0.02
8082,0.01
8083,0.57
8084,0.0
8085,0.31
8086,0.01
8087,0.0
8088,0.05
8089,0.37
8090,0.44
8091,0.02
8092,0.0
8093,0.01
8094,0.0
8095,0.01
8096,0.0
8097,0.16
8098,0.03
8099,0.0
8100,0.04
8101,0.06
8102,0.02
8103,0.01
8104,0.04
8105,0.0
8106,0.0
8107,0.42
8108,0.0
8109,0.0
8110,0.0
8111,0.03
8112,0.03
8113,0.01
8114,0.1
8115,0.01
8116,0.0
8117,0.01
8118,0.08
8119,0.61
8120,0.01
8121,0.13
8122,0.08
8123,0.08
8124,0.0
8125,0.01
8126,0.03
8127,0.01
8128,0.0
8129,0.19
8130,0.05
8131,0.01
8132,0.06
8133,0.01
8134,0.09
8135,0.02
8136,0.02
8137,0.01
8138,0.02
8139,0.01
8140,0.11
8141,0.01
8142,0.03
8143,0.06
8144,0.03
8145,0.06
8146,0.0
8147,0.0
8148,0.0
8149,0.07
8150,0.03
8151,0.0
8152,0.1
8153,0.13
8154,0.01
8155,0.0
8156,0.11
8157,0.03
8158,0.23
8159,0.0
8160,0.0
8161,0.15
8162,0.0
8163,0.01
8164,0.0
8165,0.01
8166,0.03
8167,0.01
8168,0.26
8169,0.01
8170,0.0
8171,0.0
8172,0.05
8173,0.09
8174,0.03
8175,0.0
8176,0.01
8177,0.01
8178,0.01
8179,0.01
8180,0.01
8181,0.01
8182,0.0
8183,0.0
8184,0.01
8185,0.01
8186,0.0
8187,0.09
8188,0.03
8189,0.0
8190,0.0
8191,0.01
8192,0.06
8193,0.03
8194,0.0
8195,0.0
8196,0.02
8197,0.04
8198,0.0
8199,0.45
8200,0.01
8201,0.03
8202,0.04
8203,0.01
8204,0.01
8205,0.04
8206,0.0
8207,0.02
8208,0.05
8209,0.04
8210,0.01
8211,0.07
8212,0.01
8213,0.0
8214,0.01
8215,0.01
8216,0.03
8217,0.03
8218,0.0
8219,0.01
8220,0.03
8221,0.02
8222,0.0
8223,0.09
8224,0.02
8225,0.04
8226,0.0
8227,0.02
8228,0.01
8229,0.0
8230,0.4
8231,0.37
8232,0.05
8233,0.67
8234,0.02
8235,0.01
8236,0.01
8237,0.01
8238,0.06
8239,0.02
8240,0.06
8241,0.05
8242,0.02
8243,0.01
8244,0.01
8245,0.0
8246,0.03
8247,0.0
8248,0.01
8249,0.01
8250,0.08
8251,0.07
8252,0.0
8253,0.0
8254,0.04
8255,0.48
8256,0.06
8257,0.0
8258,0.05
8259,0.0
8260,0.06
8261,0.01
8262,0.0
8263,0.0
8264,0.11
8265,0.01
8266,0.01
8267,0.01
8268,0.01
8269,0.07
8270,0.01
8271,0.0
8272,0.27
8273,0.0
8274,0.0
8275,0.03
8276,0.11
8277,0.04
8278,0.0
8279,0.09
8280,0.0
8281,0.11
8282,0.08
8283,0.01
8284,0.08
8285,0.0
8286,0.07
8287,0.04
8288,0.03
8289,0.0
8290,0.11
8291,0.0
8292,0.19
8293,0.01
8294,0.01
8295,0.22
8296,0.0
8297,0.0
8298,0.03
8299,0.03
8300,0.0
8301,0.0
8302,0.04
8303,0.05
8304,0.01
8305,0.03
8306,0.03
8307,0.0
8308,0.06
8309,0.0
8310,0.1
8311,0.0
8312,0.04
8313,0.04
8314,0.01
8315,0.0
8316,0.09
8317,0.02
8318,0.85
8319,0.0
8320,0.08
8321,0.27
8322,0.09
8323,0.0
8324,0.0
8325,0.01
8326,0.0
8327,0.04
8328,0.0
8329,0.01
8330,0.06
8331,0.0
8332,0.01
8333,0.03
8334,0.01
8335,0.01
8336,0.03
8337,0.36
8338,0.01
8339,0.03
8340,0.0
8341,0.38
8342,0.01
8343,0.03
8344,0.01
8345,0.58
8346,0.02
8347,0.01
8348,0.01
8349,0.02
8350,0.02
8351,0.0
8352,0.0
8353,0.09
8354,0.02
8355,0.0
8356,0.0
8357,0.0
8358,0.03
8359,0.0
8360,0.03
8361,0.02
8362,0.06
8363,0.02
8364,0.12
8365,0.0
8366,0.01
8367,0.0
8368,0.0
8369,0.02
8370,0.0
8371,0.09
8372,0.02
8373,0.0
8374,0.0
8375,0.05
8376,0.01
8377,0.03
8378,0.0
8379,0.0
8380,0.02
8381,0.0
8382,0.01
8383,0.01
8384,0.0
8385,0.04
8386,0.03
8387,0.03
8388,0.07
8389,0.04
8390,0.08
8391,0.0
8392,0.01
8393,0.03
8394,0.04
8395,0.04
8396,0.0
8397,0.03
8398,0.07
8399,0.07
8400,0.0
8401,0.02
8402,0.02
8403,0.06
8404,0.06
8405,0.0
8406,0.01
8407,0.01
8408,0.0
8409,0.06
8410,0.05
8411,0.01
8412,0.0
8413,0.04
8414,0.0
8415,0.11
8416,0.0
8417,0.01
8418,0.01
8419,0.02
8420,0.23
8421,0.0
8422,0.08
8423,0.02
8424,0.04
8425,0.02
8426,0.06
8427,0.01
8428,0.09
8429,0.04
8430,0.02
8431,0.02
8432,0.01
8433,0.01
8434,0.0
8435,0.24
8436,0.0
8437,0.0
8438,0.01
8439,0.0
8440,0.1
8441,0.0
8442,0.05
8443,0.03
8444,0.0
8445,0.01
8446,0.46
8447,0.01
8448,0.0
8449,0.0
8450,0.0
8451,0.0
8452,0.06
8453,0.03
8454,0.21
8455,0.0
8456,0.0
8457,0.07
8458,0.01
8459,0.04
8460,0.0
8461,0.02
8462,0.04
8463,0.05
8464,0.01
8465,0.0
8466,0.06
8467,0.04
8468,0.01
8469,0.01
8470,0.01
8471,0.01
8472,0.18
8473,0.02
8474,0.03
8475,0.05
8476,0.0
8477,0.04
8478,0.0
8479,0.0
8480,0.01
8481,0.0
8482,0.02
8483,0.05
8484,0.0
8485,0.01
8486,0.0
8487,0.01
8488,0.1
8489,0.0
8490,0.0
8491,0.67
8492,0.0
8493,0.04
8494,0.0
8495,0.0
8496,0.05
8497,0.05
8498,0.01
8499,0.01
8500,0.08
8501,0.0
8502,0.55
8503,0.02
8504,0.0
8505,0.02
8506,0.01
8507,0.0
8508,0.01
8509,0.02
8510,0.1
8511,0.14
8512,0.01
8513,0.0
8514,0.02
8515,0.01
8516,0.04
8517,0.0
8518,0.05
8519,0.01
8520,0.01
8521,0.03
8522,0.0
8523,0.07
8524,0.01
8525,0.01
8526,0.04
8527,0.03
8528,0.03
8529,0.03
8530,0.03
8531,0.01
8532,0.0
8533,0.04
8534,0.0
8535,0.04
8536,0.07
8537,0.03
8538,0.0
8539,0.01
8540,0.0
8541,0.03
8542,0.04
8543,0.12
8544,0.09
8545,0.05
8546,0.11
8547,0.05
8548,0.11
8549,0.11
8550,0.01
8551,0.01
8552,0.0
8553,0.04
8554,0.02
8555,0.0
8556,0.06
8557,0.0
8558,0.02
8559,0.03
8560,0.37
8561,0.0
8562,0.0
8563,0.09
8564,0.01
8565,0.1
8566,0.02
8567,0.0
8568,0.07
8569,0.01
8570,0.07
8571,0.04
8572,0.0
8573,0.03
8574,0.01
8575,0.74
8576,0.03
8577,0.0
8578,0.14
8579,0.05
8580,0.03
8581,0.02
8582,0.0
8583,0.0
8584,0.0
8585,0.0
8586,0.1
8587,0.1
8588,0.44
8589,0.0
8590,0.18
8591,0.0
8592,0.02
8593,0.03
8594,0.03
8595,0.02
8596,0.0
8597,0.02
8598,0.05
8599,0.0
8600,0.0
8601,0.09
8602,0.0
8603,0.0
8604,0.0
8605,0.09
8606,0.0
8607,0.0
8608,0.01
8609,0.23
8610,0.04
8611,0.04
8612,0.09
8613,0.1
8614,0.06
8615,0.09
8616,0.0
8617,0.05
8618,0.0
8619,0.04
8620,0.01
8621,0.05
8622,0.03
8623,0.01
8624,0.03
8625,0.08
8626,0.0
8627,0.0
8628,0.0
8629,0.01
8630,0.29
8631,0.0
8632,0.02
8633,0.04
8634,0.77
8635,0.0
8636,0.0
8637,0.13
8638,0.13
8639,0.06
8640,0.03
8641,0.0
8642,0.03
8643,0.0
8644,0.05
8645,0.03
8646,0.01
8647,0.0
8648,0.02
8649,0.04
8650,0.01
8651,0.08
8652,0.32
8653,0.21
8654,0.09
8655,0.0
8656,0.0
8657,0.0
8658,0.0
8659,0.09
8660,0.05
8661,0.0
8662,0.04
8663,0.0
8664,0.0
8665,0.02
8666,0.01
8667,0.0
8668,0.04
8669,0.01
8670,0.0
8671,0.0
8672,0.01
8673,0.01
8674,0.01
8675,0.09
8676,0.0
8677,0.01
8678,0.0
8679,0.09
8680,0.0
8681,0.02
8682,0.01
8683,0.01
8684,0.04
8685,0.11
8686,0.08
8687,0.01
8688,0.18
8689,0.0
8690,0.02
8691,0.11
8692,0.01
8693,0.09
8694,0.06
8695,0.01
8696,0.04
8697,0.02
8698,0.04
8699,0.01
8700,0.0
8701,0.03
8702,0.08
8703,0.02
8704,0.01
8705,0.0
8706,0.1
8707,0.0
8708,0.03
8709,0.24
8710,0.03
8711,0.06
8712,0.01
8713,0.0
8714,0.16
8715,0.07
8716,0.04
8717,0.01
8718,0.04
8719,0.01
8720,0.03
8721,0.0
8722,0.02
8723,0.02
8724,0.0
8725,0.04
8726,0.0
8727,0.28
8728,0.03
8729,0.04
8730,0.01
8731,0.0
8732,0.0
8733,0.04
8734,0.36
8735,0.02
8736,0.01
8737,0.0
8738,0.03
8739,0.01
8740,0.11
8741,0.02
8742,0.75
8743,0.22
8744,0.05
8745,0.02
8746,0.0
8747,0.0
8748,0.02
8749,0.0
8750,0.1
8751,0.02
8752,0.0
8753,0.0
8754,0.0
8755,0.27
8756,0.1
8757,0.0
8758,0.03
8759,0.1
8760,0.07
8761,0.04
8762,0.04
8763,0.01
8764,0.6
8765,0.01
8766,0.01
8767,0.0
8768,0.09
8769,0.05
8770,0.06
8771,0.05
8772,0.11
8773,0.0
8774,0.11
8775,0.01
8776,0.0
8777,0.16
8778,0.0
8779,0.01
8780,0.38
8781,0.02
8782,0.0
8783,0.83
8784,0.0
8785,0.02
8786,0.0
8787,0.01
8788,0.01
8789,0.03
8790,0.0
8791,0.05
8792,0.02
8793,0.01
8794,0.07
8795,0.02
8796,0.0
8797,0.1
8798,0.01
8799,0.0
8800,0.01
8801,0.0
8802,0.0
8803,0.02
8804,0.15
8805,0.0
8806,0.0
8807,0.06
8808,0.06
8809,0.01
8810,0.05
8811,0.0
8812,0.05
8813,0.0
8814,0.19
8815,0.0
8816,0.15
8817,0.02
8818,0.0
8819,0.04
8820,0.01
8821,0.0
8822,0.01
8823,0.02
8824,0.02
8825,0.13
8826,0.0
8827,0.0
8828,0.27
8829,0.0
8830,0.0
8831,0.84
8832,0.03
8833,0.03
8834,0.11
8835,0.11
8836,0.0
8837,0.01
8838,0.0
8839,0.04
8840,0.04
8841,0.01
8842,0.08
8843,0.04
8844,0.0
8845,0.09
8846,0.03
8847,0.0
8848,0.01
8849,0.01
8850,0.0
8851,0.02
8852,0.0
8853,0.26
8854,0.04
8855,0.08
8856,0.03
8857,0.0
8858,0.3
8859,0.01
8860,0.03
8861,0.01
8862,0.0
8863,0.0
8864,0.02
8865,0.03
8866,0.0
8867,0.0
8868,0.01
8869,0.0
8870,0.01
8871,0.0
8872,0.02
8873,0.0
8874,0.0
8875,0.02
8876,0.01
8877,0.0
8878,0.56
8879,0.04
8880,0.02
8881,0.05
8882,0.03
8883,0.06
8884,0.0
8885,0.03
8886,0.0
8887,0.43
8888,0.04
8889,0.0
8890,0.0
8891,0.0
8892,0.11
8893,0.01
8894,0.22
8895,0.02
8896,0.0
8897,0.04
8898,0.31
8899,0.1
8900,0.0
8901,0.0
8902,0.76
8903,0.01
8904,0.0
8905,0.0
8906,0.04
8907,0.0
8908,0.13
8909,0.03
8910,0.05
8911,0.0
8912,0.0
8913,0.02
8914,0.1
8915,0.01
8916,0.05
8917,0.03
8918,0.08
8919,0.02
8920,0.01
8921,0.07
8922,0.08
8923,0.03
8924,0.04
8925,0.01
8926,0.01
8927,0.08
8928,0.02
8929,0.32
8930,0.0
8931,0.48
8932,0.13
8933,0.23
8934,0.0
8935,0.02
8936,0.05
8937,0.01
8938,0.0
8939,0.0
8940,0.01
8941,0.01
8942,0.01
8943,0.07
8944,0.04
8945,0.0
8946,0.03
8947,0.0
8948,0.02
8949,0.0
8950,0.0
8951,0.24
8952,0.07
8953,0.01
8954,0.75
8955,0.0
8956,0.0
8957,0.36
8958,0.01
8959,0.02
8960,0.01
8961,0.16
8962,0.01
8963,0.01
8964,0.0
8965,0.05
8966,0.1
8967,0.0
8968,0.01
8969,0.11
8970,0.03
8971,0.13
8972,0.0
8973,0.0
8974,0.0
8975,0.02
8976,0.0
8977,0.0
8978,0.05
8979,0.0
8980,0.0
8981,0.0
8982,0.01
8983,0.01
8984,0.01
8985,0.1
8986,0.01
8987,0.02
8988,0.03
8989,0.0
8990,0.03
8991,0.0
8992,0.0
8993,0.01
8994,0.0
8995,0.01
8996,0.55
8997,0.0
8998,0.0
8999,0.09
9000,0.0
9001,0.07
9002,0.03
9003,0.0
9004,0.0
9005,0.01
9006,0.0
9007,0.0
9008,0.01
9009,0.01
9010,0.02
9011,0.05
9012,0.09
9013,0.01
9014,0.0
9015,0.0
9016,0.0
9017,0.0
9018,0.0
9019,0.02
9020,0.01
9021,0.0
9022,0.01
9023,0.03
9024,0.0
9025,0.0
9026,0.01
9027,0.04
9028,0.01
9029,0.01
9030,0.02
9031,0.17
9032,0.0
9033,0.06
9034,0.0
9035,0.01
9036,0.0
9037,0.02
9038,0.04
9039,0.0
9040,0.04
9041,0.02
9042,0.0
9043,0.44
9044,0.13
9045,0.0
9046,0.0
9047,0.0
9048,0.0
9049,0.19
9050,0.0
9051,0.0
9052,0.0
9053,0.0
9054,0.24
9055,0.0
9056,0.01
9057,0.07
9058,0.04
9059,0.0
9060,0.03
9061,0.04
9062,0.07
9063,0.67
9064,0.1
9065,0.0
9066,0.01
9067,0.06
9068,0.2
9069,0.0
9070,0.04
9071,0.04
9072,0.02
9073,0.0
9074,0.09
9075,0.04
9076,0.02
9077,0.02
9078,0.0
9079,0.0
9080,0.0
9081,0.02
9082,0.0
9083,0.01
9084,0.04
9085,0.09
9086,0.03
9087,0.02
9088,0.01
9089,0.06
9090,0.0
9091,0.02
9092,0.0
9093,0.0
9094,0.0
9095,0.04
9096,0.0
9097,0.03
9098,0.15
9099,0.01
9100,0.01
9101,0.01
9102,0.01
9103,0.1
9104,0.08
9105,0.22
9106,0.23
9107,0.04
9108,0.01
9109,0.0
9110,0.0
9111,0.01
9112,0.02
9113,0.01
9114,0.02
9115,0.01
9116,0.02
9117,0.04
9118,0.04
9119,0.02
9120,0.01
9121,0.09
9122,0.0
9123,0.1
9124,0.07
9125,0.26
9126,0.1
9127,0.09
9128,0.42
9129,0.47
9130,0.02
9131,0.11
9132,0.0
9133,0.58
9134,0.0
9135,0.0
9136,0.0
9137,0.03
9138,0.83
9139,0.03
9140,0.03
9141,0.0
9142,0.02
9143,0.81
9144,0.02
9145,0.05
9146,0.0
9147,0.04
9148,0.08
9149,0.0
9150,0.0
9151,0.01
9152,0.03
9153,0.08
9154,0.63
9155,0.02
9156,0.36
9157,0.0
9158,0.11
9159,0.02
9160,0.06
9161,0.42
9162,0.01
9163,0.03
9164,0.03
9165,0.0
9166,0.04
9167,0.0
9168,0.01
9169,0.0
9170,0.04
9171,0.0
9172,0.0
9173,0.75
9174,0.03
9175,0.02
9176,0.12
9177,0.08
9178,0.02
9179,0.0
9180,0.02
9181,0.02
9182,0.0
9183,0.0
9184,0.07
9185,0.05
9186,0.02
9187,0.0
9188,0.01
9189,0.03
9190,0.01
9191,0.01
9192,0.01
9193,0.0
9194,0.64
9195,0.05
9196,0.04
9197,0.0
9198,0.08
9199,0.05
9200,0.01
9201,0.02
9202,0.03
9203,0.06
9204,0.07
9205,0.05
9206,0.07
9207,0.0
9208,0.03
9209,0.06
9210,0.0
9211,0.0
9212,0.0
9213,0.1
9214,0.03
9215,0.03
9216,0.01
9217,0.0
9218,0.01
9219,0.01
9220,0.0
9221,0.02
9222,0.06
9223,0.05
9224,0.02
9225,0.0
9226,0.0
9227,0.05
9228,0.02
9229,0.03
9230,0.01
9231,0.0
9232,0.03
9233,0.07
9234,0.0
9235,0.05
9236,0.0
9237,0.12
9238,0.0
9239,0.0
9240,0.05
9241,0.02
9242,0.01
9243,0.02
9244,0.0
9245,0.0
9246,0.06
9247,0.02
9248,0.02
9249,0.03
9250,0.04
9251,0.01
9252,0.02
9253,0.0
9254,0.01
9255,0.37
9256,0.0
9257,0.0
9258,0.07
9259,0.05
9260,0.01
9261,0.0
9262,0.03
9263,0.06
9264,0.0
9265,0.0
9266,0.01
9267,0.01
9268,0.01
9269,0.0
9270,0.5
9271,0.02
9272,0.02
9273,0.11
9274,0.05
9275,0.0
9276,0.02
9277,0.16
9278,0.02
9279,0.01
9280,0.01
9281,0.02
9282,0.0
9283,0.01
9284,0.0
9285,0.47
9286,0.0
9287,0.01
9288,0.02
9289,0.03
9290,0.0
9291,0.09
9292,0.0
9293,0.12
9294,0.02
9295,0.04
9296,0.0
9297,0.01
9298,0.02
9299,0.1
9300,0.01
9301,0.0
9302,0.02
9303,0.35
9304,0.01
9305,0.02
9306,0.41
9307,0.01
9308,0.02
9309,0.0
9310,0.01
9311,0.07
9312,0.03
9313,0.04
9314,0.05
9315,0.0
9316,0.02
9317,0.46
9318,0.05
9319,0.03
9320,0.0
9321,0.0
9322,0.12
9323,0.03
9324,0.01
9325,0.05
9326,0.01
9327,0.71
9328,0.02
9329,0.0
9330,0.05
9331,0.05
9332,0.0
9333,0.03
9334,0.0
9335,0.0
9336,0.01
9337,0.01
9338,0.16
9339,0.02
9340,0.02
9341,0.06
9342,0.01
9343,0.22
9344,0.33
9345,0.0
9346,0.55
9347,0.01
9348,0.03
9349,0.08
9350,0.02
9351,0.0
9352,0.0
9353,0.0
9354,0.01
9355,0.05
9356,0.06
9357,0.04
9358,0.04
9359,0.04
9360,0.0
9361,0.06
9362,0.02
9363,0.01
9364,0.0
9365,0.0
9366,0.04
9367,0.12
9368,0.04
9369,0.0
9370,0.01
9371,0.07
9372,0.01
9373,0.0
9374,0.48
9375,0.44
9376,0.04
9377,0.02
9378,0.01
9379,0.0
9380,0.02
9381,0.05
9382,0.0
9383,0.02
9384,0.13
9385,0.0
9386,0.0
9387,0.03
9388,0.34
9389,0.01
9390,0.07
9391,0.1
9392,0.04
9393,0.0
9394,0.01
9395,0.03
9396,0.01
9397,0.03
9398,0.01
9399,0.11
9400,0.0
9401,0.0
9402,0.0
9403,0.01
9404,0.0
9405,0.05
9406,0.01
9407,0.08
9408,0.01
9409,0.01
9410,0.05
9411,0.02
9412,0.02
9413,0.06
9414,0.0
9415,0.03
9416,0.05
9417,0.04
9418,0.0
9419,0.02
9420,0.0
9421,0.07
9422,0.0
9423,0.01
9424,0.04
9425,0.02
9426,0.0
9427,0.01
9428,0.1
9429,0.25
9430,0.0
9431,0.0
9432,0.02
9433,0.06
9434,0.04
9435,0.03
9436,0.05
9437,0.01
9438,0.01
9439,0.0
9440,0.39
9441,0.12
9442,0.45
9443,0.01
9444,0.0
9445,0.01
9446,0.25
9447,0.25
9448,0.0
9449,0.01
9450,0.03
9451,0.0
9452,0.11
9453,0.02
9454,0.0
9455,0.02
9456,0.02
9457,0.0
9458,0.0
9459,0.06
9460,0.0
9461,0.01
9462,0.01
9463,0.03
9464,0.36
9465,0.04
9466,0.03
9467,0.27
9468,0.01
9469,0.03
9470,0.01
9471,0.07
9472,0.02
9473,0.04
9474,0.0
9475,0.02
9476,0.0
9477,0.18
9478,0.04
9479,0.1
9480,0.0
9481,0.01
9482,0.01
9483,0.0
9484,0.13
9485,0.01
9486,0.01
9487,0.0
9488,0.07
9489,0.01
9490,0.01
9491,0.0
9492,0.02
9493,0.01
9494,0.01
9495,0.08
9496,0.25
9497,0.6
9498,0.01
9499,0.01
9500,0.07
9501,0.0
9502,0.01
9503,0.01
9504,0.01
9505,0.06
9506,0.09
9507,0.08
9508,0.0
9509,0.01
9510,0.0
9511,0.03
9512,0.0
9513,0.02
9514,0.0
9515,0.59
9516,0.0
9517,0.04
9518,0.01
9519,0.0
9520,0.06
9521,0.05
9522,0.01
9523,0.0
9524,0.0
9525,0.0
9526,0.13
9527,0.02
9528,0.01
9529,0.0
9530,0.08
9531,0.0
9532,0.0
9533,0.27
9534,0.01
9535,0.03
9536,0.34
9537,0.16
9538,0.0
9539,0.07
9540,0.0
9541,0.0
9542,0.02
9543,0.04
9544,0.0
9545,0.01
9546,0.01
9547,0.04
9548,0.0
9549,0.02
9550,0.04
9551,0.0
9552,0.75
9553,0.0
9554,0.0
9555,0.01
9556,0.01
9557,0.01
9558,0.0
9559,0.04
9560,0.4
9561,0.01
9562,0.01
9563,0.07
9564,0.06
9565,0.17
9566,0.0
9567,0.15
9568,0.0
9569,0.01
9570,0.01
9571,0.01
9572,0.0
9573,0.0
9574,0.01
9575,0.0
9576,0.0
9577,0.02
9578,0.0
9579,0.01
9580,0.01
9581,0.07
9582,0.02
9583,0.0
9584,0.01
9585,0.04
9586,0.0
9587,0.01
9588,0.01
9589,0.02
9590,0.0
9591,0.13
9592,0.0
9593,0.06
9594,0.0
9595,0.03
9596,0.01
9597,0.04
9598,0.03
9599,0.0
9600,0.03
9601,0.0
9602,0.01
9603,0.06
9604,0.08
9605,0.0
9606,0.05
9607,0.0
9608,0.06
9609,0.03
9610,0.01
9611,0.0
9612,0.02
9613,0.23
9614,0.05
9615,0.0
9616,0.07
9617,0.0
9618,0.0
9619,0.01
9620,0.04
9621,0.09
9622,0.41
9623,0.01
9624,0.01
9625,0.03
9626,0.01
9627,0.01
9628,0.05
9629,0.25
9630,0.06
9631,0.08
9632,0.05
9633,0.0
9634,0.02
9635,0.02
9636,0.0
9637,0.04
9638,0.01
9639,0.0
9640,0.32
9641,0.01
9642,0.01
9643,0.04
9644,0.0
9645,0.04
9646,0.01
9647,0.08
9648,0.0
9649,0.09
9650,0.0
9651,0.01
9652,0.09
9653,0.01
9654,0.12
9655,0.01
9656,0.01
9657,0.06
9658,0.03
9659,0.01
9660,0.09
9661,0.05
9662,0.05
9663,0.37
9664,0.14
9665,0.01
9666,0.05
9667,0.0
9668,0.0
9669,0.0
9670,0.06
9671,0.0
9672,0.11
9673,0.0
9674,0.02
9675,0.22
9676,0.51
9677,0.0
9678,0.0
9679,0.01
9680,0.03
9681,0.0
9682,0.02
9683,0.01
9684,0.08
9685,0.0
9686,0.0
9687,0.04
9688,0.02
9689,0.0
9690,0.02
9691,0.0
9692,0.0
9693,0.32
9694,0.04
9695,0.0
9696,0.04
9697,0.02
9698,0.0
9699,0.02
9700,0.01
9701,0.0
9702,0.02
9703,0.0
9704,0.04
9705,0.1
9706,0.05
9707,0.01
9708,0.0
9709,0.0
9710,0.11
9711,0.03
9712,0.0
9713,0.0
9714,0.0
9715,0.28
9716,0.0
9717,0.0
9718,0.0
9719,0.01
9720,0.02
9721,0.03
9722,0.09
9723,0.01
9724,0.05
9725,0.06
9726,0.0
9727,0.02
9728,0.01
9729,0.0
9730,0.01
9731,0.0
9732,0.02
9733,0.01
9734,0.02
9735,0.04
9736,0.09
9737,0.04
9738,0.0
9739,0.06
9740,0.0
9741,0.04
9742,0.0
9743,0.0
9744,0.02
9745,0.0
9746,0.02
9747,0.05
9748,0.0
9749,0.0
9750,0.01
9751,0.06
9752,0.02
9753,0.02
9754,0.02
9755,0.08
9756,0.09
9757,0.0
9758,0.0
9759,0.08
9760,0.02
9761,0.72
9762,0.22
9763,0.12
9764,0.13
9765,0.05
9766,0.0
9767,0.01
9768,0.07
9769,0.03
9770,0.01
9771,0.01
9772,0.0
9773,0.41
9774,0.17
9775,0.01
9776,0.53
9777,0.12
9778,0.0
9779,0.0
9780,0.0
9781,0.0
9782,0.07
9783,0.0
9784,0.09
9785,0.01
9786,0.01
9787,0.01
9788,0.01
9789,0.03
9790,0.01
9791,0.01
9792,0.03
9793,0.83
9794,0.0
9795,0.05
9796,0.0
9797,0.0
9798,0.0
9799,0.17
9800,0.01
9801,0.01
9802,0.0
9803,0.04
9804,0.0
9805,0.11
9806,0.05
9807,0.03
9808,0.0
9809,0.01
9810,0.0
9811,0.02
9812,0.01
9813,0.24
9814,0.06
9815,0.01
9816,0.01
9817,0.02
9818,0.05
9819,0.01
9820,0.02
9821,0.01
9822,0.01
9823,0.2
9824,0.05
9825,0.04
9826,0.0
9827,0.01
9828,0.32
9829,0.0
9830,0.0
9831,0.0
9832,0.02
9833,0.0
9834,0.58
9835,0.0
9836,0.12
9837,0.12
9838,0.0
9839,0.04
9840,0.0
9841,0.0
9842,0.26
9843,0.04
9844,0.03
9845,0.0
9846,0.0
9847,0.11
9848,0.11
9849,0.07
9850,0.02
9851,0.07
9852,0.01
9853,0.02
9854,0.06
9855,0.03
9856,0.0
9857,0.07
9858,0.06
9859,0.02
9860,0.05
9861,0.71
9862,0.13
9863,0.0
9864,0.03
9865,0.01
9866,0.09
9867,0.06
9868,0.01
9869,0.49
9870,0.0
9871,0.0
9872,0.0
9873,0.08
9874,0.0
9875,0.01
9876,0.02
9877,0.03
9878,0.06
9879,0.03
9880,0.0
9881,0.0
9882,0.09
9883,0.03
9884,0.0
9885,0.0
9886,0.01
9887,0.04
9888,0.3
9889,0.01
9890,0.25
9891,0.09
9892,0.01
9893,0.05
9894,0.0
9895,0.0
9896,0.1
9897,0.0
9898,0.01
9899,0.08
9900,0.09
9901,0.0
9902,0.03
9903,0.01
9904,0.06
9905,0.0
9906,0.0
9907,0.01
9908,0.0
9909,0.18
9910,0.0
9911,0.16
9912,0.0
9913,0.07
9914,0.26
9915,0.09
9916,0.0
9917,0.03
9918,0.0
9919,0.01
9920,0.0
9921,0.02
9922,0.0
9923,0.01
9924,0.13
9925,0.04
9926,0.01
9927,0.0
9928,0.03
9929,0.0
9930,0.0
9931,0.06
9932,0.79
9933,0.02
9934,0.01
9935,0.0
9936,0.14
9937,0.01
9938,0.0
9939,0.59
9940,0.0
9941,0.09
9942,0.0
9943,0.06
9944,0.01
9945,0.5
9946,0.0
9947,0.0
9948,0.23
9949,0.01
9950,0.0
9951,0.0
9952,0.09
9953,0.02
9954,0.06
9955,0.07
9956,0.01
9957,0.01
9958,0.0
9959,0.01
9960,0.01
9961,0.0
9962,0.0
9963,0.02
9964,0.02
9965,0.0
9966,0.04
9967,0.08
9968,0.06
9969,0.01
9970,0.01
9971,0.04
9972,0.03
9973,0.0
9974,0.03
9975,0.0
9976,0.0
9977,0.19
9978,0.06
9979,0.01
9980,0.05
9981,0.0
9982,0.0
9983,0.44
9984,0.02
9985,0.0
9986,0.08
9987,0.0
9988,0.0
9989,0.0
9990,0.04
9991,0.01
9992,0.04
9993,0.0
9994,0.01
9995,0.01
9996,0.03
9997,0.0
9998,0.0
9999,0.0